﻿<?xml version="1.0" encoding="utf-8"?>
<deployment>
  <id>2736087ff650aa860614af13e897f89d892df5df</id>
  <author>Damian Montero</author>
  <deployer>websocketdemo</deployer>
  <authorEmail>photoca@hotmail.com</authorEmail>
  <message>adding nokia to bb site
</message>
  <progress></progress>
  <status>Success</status>
  <statusText></statusText>
  <lastSuccessEndTime>2016-02-11T18:46:20.2409424Z</lastSuccessEndTime>
  <receivedTime>2016-02-11T18:45:46.7230208Z</receivedTime>
  <startTime>2016-02-11T18:45:50.1744996Z</startTime>
  <endTime>2016-02-11T18:46:20.2409424Z</endTime>
  <complete>True</complete>
  <is_temp>False</is_temp>
  <is_readonly>False</is_readonly>
</deployment>