﻿<?xml version="1.0" encoding="utf-8"?>
<deployment>
  <id>24fe92dcd00c84a341e219b3d3b5903298106fd9</id>
  <author>Damian Montero</author>
  <deployer>websocketdemo</deployer>
  <authorEmail>photoca@hotmail.com</authorEmail>
  <message>fixing opera mini
</message>
  <progress></progress>
  <status>Success</status>
  <statusText></statusText>
  <lastSuccessEndTime>2016-02-12T04:49:47.5952392Z</lastSuccessEndTime>
  <receivedTime>2016-02-12T04:49:10.5881496Z</receivedTime>
  <startTime>2016-02-12T04:49:14.3840107Z</startTime>
  <endTime>2016-02-12T04:49:47.5952392Z</endTime>
  <complete>True</complete>
  <is_temp>False</is_temp>
  <is_readonly>False</is_readonly>
</deployment>