<step title="Incoming Request" date="2016-01-11T22:35:15.683" instance="922b3b" url="/codecampmobile.git/git-receive-pack" method="POST" type="request" pid="7260,2,7" Connection="Keep-Alive" Content-Length="534" Content-Type="application/x-git-receive-pack-request" Accept="application/x-git-receive-pack-result" Accept-Encoding="gzip" Host="codecampmobile.scm.azurewebsites.net" User-Agent="git/1.8.4" X-SITE-DEPLOYMENT-ID="codeCampMobile" >
  <step title="RpcService.ReceivePack" date="2016-01-11T22:35:15.699" >
    <step title="Assuming git repository at D:\home\site\repository" date="2016-01-11T22:35:15.714" /><!-- duration: 0ms -->
    <step title="Assuming git repository at D:\home\site\repository" date="2016-01-11T22:35:15.730" /><!-- duration: 16ms -->
    <step title="Creating temporary deployment" date="2016-01-11T22:35:16.438" /><!-- duration: 47ms -->
    <step title="GitExeServer.Receive" date="2016-01-11T22:35:16.485" >
      <step title="Executing external process" date="2016-01-11T22:35:16.501" type="process" path="git.exe" arguments="receive-pack --stateless-rpc &quot;D:\home\site\repository&quot;" /><!-- duration: 35100ms -->
    </step><!-- duration: 35131ms -->
  </step><!-- duration: 35965ms -->
  <step title="Outgoing response" date="2016-01-11T22:35:51.663" type="response" statusCode="200" statusText="OK" Server="Microsoft-IIS/8.0" Expires="Fri, 01 Jan 1980 00:00:00 GMT" Pragma="no-cache" Cache-Control="no-cache, max-age=0, must-revalidate" X-AspNet-Version="4.0.30319" Content-Type="application/x-git-receive-pack-result" /><!-- duration: 16ms -->
</step><!-- duration: 35996ms -->
