<step title="Incoming Request" date="2016-01-20T03:44:12.527" instance="a6bc3f" url="/codecampmobile.git/git-receive-pack" method="POST" type="request" pid="4340,2,29" Connection="Keep-Alive" Content-Length="190915" Content-Type="application/x-git-receive-pack-request" Accept="application/x-git-receive-pack-result" Accept-Encoding="gzip" Host="codecampmobile.scm.azurewebsites.net" User-Agent="git/2.7.0" X-SITE-DEPLOYMENT-ID="codeCampMobile" >
  <step title="RpcService.ReceivePack" date="2016-01-20T03:44:12.699" >
    <step title="Assuming git repository at D:\home\site\repository" date="2016-01-20T03:44:12.714" /><!-- duration: 431ms -->
    <step title="Assuming git repository at D:\home\site\repository" date="2016-01-20T03:44:13.175" /><!-- duration: 20ms -->
    <step title="Creating temporary deployment" date="2016-01-20T03:44:14.059" /><!-- duration: 50ms -->
    <step title="GitExeServer.Receive" date="2016-01-20T03:44:14.121" >
      <step title="Executing external process" date="2016-01-20T03:44:14.121" type="process" path="git.exe" arguments="receive-pack --stateless-rpc &quot;D:\home\site\repository&quot;" /><!-- duration: 39236ms -->
    </step><!-- duration: 39236ms -->
  </step><!-- duration: 40721ms -->
  <step title="Outgoing response" date="2016-01-20T03:44:53.419" type="response" statusCode="200" statusText="OK" Server="Microsoft-IIS/8.0" Expires="Fri, 01 Jan 1980 00:00:00 GMT" Pragma="no-cache" Cache-Control="no-cache, max-age=0, must-revalidate" X-AspNet-Version="4.0.30319" Content-Type="application/x-git-receive-pack-result" /><!-- duration: 0ms -->
</step><!-- duration: 40893ms -->
