<step title="Incoming Request" date="2016-01-21T20:44:57.456" instance="a6bc3f" url="/codeCampMobile.git/git-receive-pack" method="POST" type="request" pid="5428,2,6" Connection="Keep-Alive" Transfer-Encoding="chunked" Content-Type="application/x-git-receive-pack-request" Accept="application/x-git-receive-pack-result" Accept-Encoding="gzip" Host="codecampmobile.scm.azurewebsites.net" User-Agent="git/2.6.1.windows.1" X-SITE-DEPLOYMENT-ID="codeCampMobile" >
  <step title="RpcService.ReceivePack" date="2016-01-21T20:44:57.830" >
    <step title="Assuming git repository at D:\home\site\repository" date="2016-01-21T20:44:57.832" /><!-- duration: 0ms -->
    <step title="Assuming git repository at D:\home\site\repository" date="2016-01-21T20:44:57.847" /><!-- duration: 0ms -->
    <step title="Creating temporary deployment" date="2016-01-21T20:44:58.412" /><!-- duration: 35ms -->
    <step title="GitExeServer.Receive" date="2016-01-21T20:44:58.447" >
      <step title="Executing external process" date="2016-01-21T20:44:58.459" type="process" path="git.exe" arguments="receive-pack --stateless-rpc &quot;D:\home\site\repository&quot;" /><!-- duration: 53149ms -->
    </step><!-- duration: 53176ms -->
  </step><!-- duration: 53824ms -->
  <step title="Outgoing response" date="2016-01-21T20:45:51.670" type="response" statusCode="200" statusText="OK" Server="Microsoft-IIS/8.0" Expires="Fri, 01 Jan 1980 00:00:00 GMT" Pragma="no-cache" Cache-Control="no-cache, max-age=0, must-revalidate" X-AspNet-Version="4.0.30319" Content-Type="application/x-git-receive-pack-result" /><!-- duration: 0ms -->
</step><!-- duration: 54214ms -->
