<step title="Executing external process" date="2016-01-20T04:40:38.356" instance="a6bc3f" type="process" path="kudu.exe" arguments="D:\home\site C:\Program Files (x86)\SiteExtensions\Kudu\51.50108.2013\msbuild" >
  <step title="Cleanup Xml Logs" date="2016-01-20T04:40:38.368" /><!-- duration: 16ms -->
  <step title="DeploymentManager.Deploy(id)" date="2016-01-20T04:40:38.524" >
    <step title="Collecting changeset information" date="2016-01-20T04:40:38.524" /><!-- duration: 83ms -->
    <step title="Updating to specific changeset" date="2016-01-20T04:40:38.618" /><!-- duration: 2609ms -->
    <step title="Updating submodules" date="2016-01-20T04:40:41.227" /><!-- duration: 47ms -->
    <step title="Determining deployment builder" date="2016-01-20T04:40:41.355" >
      <step title="Builder is NodeSiteBuilder" date="2016-01-20T04:40:43.119" /><!-- duration: 0ms -->
    </step><!-- duration: 1764ms -->
    <step title="Copying SSH keys" date="2016-01-20T04:40:43.166" /><!-- duration: 0ms -->
    <step title="Building" date="2016-01-20T04:40:43.181" >
      <step title="Generating deployment script" date="2016-01-20T04:40:43.218" >
        <step title="Using cached version of the deployment script for command: -y --no-dot-deployment -r &quot;D:\home\site\repository&quot; -o &quot;D:\home\site\deployments\tools&quot; --node --sitePath &quot;D:\home\site\repository&quot;" date="2016-01-20T04:40:43.254" /><!-- duration: 0ms -->
      </step><!-- duration: 47ms -->
      <step title="Executing external process" date="2016-01-20T04:40:43.328" type="process" path="starter.cmd" arguments="&quot;D:\home\site\deployments\tools\deploy.cmd&quot;" /><!-- duration: 20126ms -->
      <step title="Purge deployment items" date="2016-01-20T04:41:05.154" >
        <step title="Remove 00ea80b58, Success, received at 1/20/2016 3:30:02 AM" date="2016-01-20T04:41:05.199" /><!-- duration: 0ms -->
      </step><!-- duration: 45ms -->
    </step><!-- duration: 22033ms -->
  </step><!-- duration: 26691ms -->
  <step title="Cleaning up temp files" date="2016-01-20T04:41:05.215" /><!-- duration: 0ms -->
  <step title="WebHooksManager.PublishEventAsync: PostDeployment" date="2016-01-20T04:41:05.230" /><!-- duration: 328ms -->
</step><!-- duration: 27347ms -->
