<step title="Incoming Request" date="2016-02-19T05:27:07.497" instance="964627" url="/codecampmobile.git/info/refs?service=git-receive-pack" method="GET" type="request" pid="6208,2,6" Connection="Keep-Alive" Pragma="no-cache" Accept="*/*" Accept-Encoding="gzip" Host="codecampmobile.scm.azurewebsites.net" User-Agent="git/2.7.1" X-SITE-DEPLOYMENT-ID="codeCampMobile" >
  <step title="InfoRefsService.Execute" date="2016-02-19T05:27:08.953" >
    <step title="Assuming git repository at D:\home\site\repository" date="2016-02-19T05:27:09.291" /><!-- duration: 0ms -->
    <step title="InfoRefsService.SmartInfoRefs" date="2016-02-19T05:27:09.311" >
      <step title="Assuming git repository at D:\home\site\repository" date="2016-02-19T05:27:09.338" /><!-- duration: 0ms -->
      <step title="GitExeServer.AdvertiseReceivePack" date="2016-02-19T05:27:09.372" >
        <step title="Executing external process" date="2016-02-19T05:27:10.387" type="process" path="git.exe" arguments="receive-pack --stateless-rpc --advertise-refs &quot;D:\home\site\repository&quot;" /><!-- duration: 2251ms -->
      </step><!-- duration: 3283ms -->
      <step title="Writing 185 bytes" date="2016-02-19T05:27:12.655" /><!-- duration: 15ms -->
    </step><!-- duration: 3361ms -->
  </step><!-- duration: 3719ms -->
  <step title="Outgoing response" date="2016-02-19T05:27:12.738" type="response" statusCode="200" statusText="OK" Server="Microsoft-IIS/8.0" x-ms-request-id="0fc5697b-8e99-4e5f-9ec3-abae31c8603b" Pragma="no-cache" Cache-Control="must-revalidate, no-cache, max-age=0" Expires="Tue, 01 Jan 1980 00:00:00 GMT" Content-Length="185" X-AspNet-Version="4.0.30319" Content-Type="application/x-git-receive-pack-advertisement" /><!-- duration: 0ms -->
</step><!-- duration: 5253ms -->
