<step title="Incoming Request" date="2016-02-12T04:49:07.690" instance="2384bc" url="/codecampmobile.git/git-receive-pack" method="POST" type="request" pid="1980,2,9" Connection="Keep-Alive" Content-Length="459" Content-Type="application/x-git-receive-pack-request" Accept="application/x-git-receive-pack-result" Accept-Encoding="gzip" Host="codecampmobile.scm.azurewebsites.net" User-Agent="git/2.7.0" X-SITE-DEPLOYMENT-ID="codeCampMobile" >
  <step title="RpcService.ReceivePack" date="2016-02-12T04:49:07.706" >
    <step title="Assuming git repository at D:\home\site\repository" date="2016-02-12T04:49:07.722" /><!-- duration: 16ms -->
    <step title="Assuming git repository at D:\home\site\repository" date="2016-02-12T04:49:07.753" /><!-- duration: 16ms -->
    <step title="Creating temporary deployment" date="2016-02-12T04:49:09.125" /><!-- duration: 92ms -->
    <step title="GitExeServer.Receive" date="2016-02-12T04:49:09.217" >
      <step title="Executing external process" date="2016-02-12T04:49:09.232" type="process" path="git.exe" arguments="receive-pack --stateless-rpc &quot;D:\home\site\repository&quot;" /><!-- duration: 39574ms -->
    </step><!-- duration: 39621ms -->
  </step><!-- duration: 41275ms -->
  <step title="Outgoing response" date="2016-02-12T04:49:48.981" type="response" statusCode="200" statusText="OK" Server="Microsoft-IIS/8.0" Expires="Fri, 01 Jan 1980 00:00:00 GMT" Pragma="no-cache" Cache-Control="no-cache, max-age=0, must-revalidate" X-AspNet-Version="4.0.30319" Content-Type="application/x-git-receive-pack-result" /><!-- duration: 19ms -->
</step><!-- duration: 41313ms -->
