<step title="Incoming Request" date="2016-01-11T22:34:41.079" instance="922b3b" url="/codecampmobile.git/info/refs?service=git-receive-pack" method="GET" type="request" pid="7260,2,18" Connection="Keep-Alive" Pragma="no-cache" Accept="*/*" Accept-Encoding="gzip" Host="codecampmobile.scm.azurewebsites.net" User-Agent="git/1.8.4" X-SITE-DEPLOYMENT-ID="codeCampMobile" >
  <step title="Cleanup Xml Logs" date="2016-01-11T22:34:41.095" /><!-- duration: 16ms -->
  <step title="InfoRefsService.Execute" date="2016-01-11T22:34:41.130" >
    <step title="Assuming git repository at D:\home\site\repository" date="2016-01-11T22:34:41.150" /><!-- duration: 11ms -->
    <step title="InfoRefsService.SmartInfoRefs" date="2016-01-11T22:34:41.161" >
      <step title="Assuming git repository at D:\home\site\repository" date="2016-01-11T22:34:41.178" /><!-- duration: 3ms -->
      <step title="GitExeServer.AdvertiseReceivePack" date="2016-01-11T22:34:41.181" >
        <step title="Executing external process" date="2016-01-11T22:34:41.777" type="process" path="git.exe" arguments="receive-pack --stateless-rpc --advertise-refs &quot;D:\home\site\repository&quot;" /><!-- duration: 172ms -->
      </step><!-- duration: 784ms -->
      <step title="Writing 185 bytes" date="2016-01-11T22:34:41.964" /><!-- duration: 0ms -->
    </step><!-- duration: 819ms -->
  </step><!-- duration: 850ms -->
  <step title="Outgoing response" date="2016-01-11T22:34:41.997" type="response" statusCode="200" statusText="OK" Server="Microsoft-IIS/8.0" x-ms-request-id="f98ca828-fa8a-477f-8888-a8bcc2714097" Pragma="no-cache" Cache-Control="must-revalidate, no-cache, max-age=0" Expires="Tue, 01 Jan 1980 00:00:00 GMT" Content-Length="185" X-AspNet-Version="4.0.30319" Content-Type="application/x-git-receive-pack-advertisement" /><!-- duration: 0ms -->
</step><!-- duration: 918ms -->
