<step title="Incoming Request" date="2016-02-12T04:14:35.435" instance="2384bc" url="/codecampmobile.git/info/refs?service=git-receive-pack" method="GET" type="request" pid="5140,2,7" Connection="Keep-Alive" Pragma="no-cache" Accept="*/*" Accept-Encoding="gzip" Host="codecampmobile.scm.azurewebsites.net" User-Agent="git/2.7.0" X-SITE-DEPLOYMENT-ID="codeCampMobile" >
  <step title="InfoRefsService.Execute" date="2016-02-12T04:14:37.029" >
    <step title="Assuming git repository at D:\home\site\repository" date="2016-02-12T04:14:37.091" /><!-- duration: 16ms -->
    <step title="InfoRefsService.SmartInfoRefs" date="2016-02-12T04:14:37.107" >
      <step title="Assuming git repository at D:\home\site\repository" date="2016-02-12T04:14:37.123" /><!-- duration: 16ms -->
      <step title="GitExeServer.AdvertiseReceivePack" date="2016-02-12T04:14:37.138" >
        <step title="Executing external process" date="2016-02-12T04:14:38.184" type="process" path="git.exe" arguments="receive-pack --stateless-rpc --advertise-refs &quot;D:\home\site\repository&quot;" /><!-- duration: 500ms -->
      </step><!-- duration: 1561ms -->
      <step title="Writing 185 bytes" date="2016-02-12T04:14:38.699" /><!-- duration: 16ms -->
    </step><!-- duration: 1608ms -->
  </step><!-- duration: 1702ms -->
  <step title="Outgoing response" date="2016-02-12T04:14:38.797" type="response" statusCode="200" statusText="OK" Server="Microsoft-IIS/8.0" x-ms-request-id="2bf37a4f-7010-4342-af2b-fec4662ad939" Pragma="no-cache" Cache-Control="must-revalidate, no-cache, max-age=0" Expires="Tue, 01 Jan 1980 00:00:00 GMT" Content-Length="185" X-AspNet-Version="4.0.30319" Content-Type="application/x-git-receive-pack-advertisement" /><!-- duration: 0ms -->
</step><!-- duration: 3374ms -->
