<step title="Incoming Request" date="2016-02-11T03:31:39.767" instance="2384bc" url="/codecampmobile.git/info/refs?service=git-receive-pack" method="GET" type="request" pid="7056,2,18" Connection="Keep-Alive" Pragma="no-cache" Accept="*/*" Accept-Encoding="gzip" Host="codecampmobile.scm.azurewebsites.net" User-Agent="git/2.7.0" X-SITE-DEPLOYMENT-ID="codeCampMobile" >
  <step title="Cleanup Xml Logs" date="2016-02-11T03:31:39.783" /><!-- duration: 0ms -->
  <step title="InfoRefsService.Execute" date="2016-02-11T03:31:39.798" >
    <step title="Assuming git repository at D:\home\site\repository" date="2016-02-11T03:31:39.830" /><!-- duration: 0ms -->
    <step title="InfoRefsService.SmartInfoRefs" date="2016-02-11T03:31:39.851" >
      <step title="Assuming git repository at D:\home\site\repository" date="2016-02-11T03:31:39.864" /><!-- duration: 13ms -->
      <step title="GitExeServer.AdvertiseReceivePack" date="2016-02-11T03:31:39.878" >
        <step title="Executing external process" date="2016-02-11T03:31:40.763" type="process" path="git.exe" arguments="receive-pack --stateless-rpc --advertise-refs &quot;D:\home\site\repository&quot;" /><!-- duration: 203ms -->
      </step><!-- duration: 1104ms -->
      <step title="Writing 185 bytes" date="2016-02-11T03:31:40.982" /><!-- duration: 0ms -->
    </step><!-- duration: 1146ms -->
  </step><!-- duration: 1199ms -->
  <step title="Outgoing response" date="2016-02-11T03:31:40.997" type="response" statusCode="200" statusText="OK" Server="Microsoft-IIS/8.0" x-ms-request-id="b8efd93f-b6fb-40b5-bf03-d4854bd61c70" Pragma="no-cache" Cache-Control="must-revalidate, no-cache, max-age=0" Expires="Tue, 01 Jan 1980 00:00:00 GMT" Content-Length="185" X-AspNet-Version="4.0.30319" Content-Type="application/x-git-receive-pack-advertisement" /><!-- duration: 0ms -->
</step><!-- duration: 1246ms -->
