<step title="Incoming Request" date="2016-02-11T18:45:42.373" instance="2384bc" url="/codecampmobile.git/info/refs?service=git-receive-pack" method="GET" type="request" pid="3040,2,20" Connection="Keep-Alive" Pragma="no-cache" Accept="*/*" Accept-Encoding="gzip" Host="codecampmobile.scm.azurewebsites.net" User-Agent="git/2.7.0" X-SITE-DEPLOYMENT-ID="codeCampMobile" >
  <step title="Cleanup Xml Logs" date="2016-02-11T18:45:42.373" /><!-- duration: 31ms -->
  <step title="InfoRefsService.Execute" date="2016-02-11T18:45:42.435" >
    <step title="Assuming git repository at D:\home\site\repository" date="2016-02-11T18:45:42.482" /><!-- duration: 16ms -->
    <step title="InfoRefsService.SmartInfoRefs" date="2016-02-11T18:45:42.498" >
      <step title="Assuming git repository at D:\home\site\repository" date="2016-02-11T18:45:42.514" /><!-- duration: 16ms -->
      <step title="GitExeServer.AdvertiseReceivePack" date="2016-02-11T18:45:42.545" >
        <step title="Executing external process" date="2016-02-11T18:45:42.545" type="process" path="git.exe" arguments="receive-pack --stateless-rpc --advertise-refs &quot;D:\home\site\repository&quot;" /><!-- duration: 250ms -->
      </step><!-- duration: 250ms -->
      <step title="Writing 185 bytes" date="2016-02-11T18:45:42.795" /><!-- duration: 16ms -->
    </step><!-- duration: 312ms -->
  </step><!-- duration: 375ms -->
  <step title="Outgoing response" date="2016-02-11T18:45:42.826" type="response" statusCode="200" statusText="OK" Server="Microsoft-IIS/8.0" x-ms-request-id="7fa05911-777e-4110-9e1d-e4b6ac30cfe5" Pragma="no-cache" Cache-Control="must-revalidate, no-cache, max-age=0" Expires="Tue, 01 Jan 1980 00:00:00 GMT" Content-Length="185" X-AspNet-Version="4.0.30319" Content-Type="application/x-git-receive-pack-advertisement" /><!-- duration: 0ms -->
</step><!-- duration: 469ms -->
