<step title="Executing external process" date="2016-01-20T04:49:50.239" instance="a6bc3f" type="process" path="kudu.exe" arguments="D:\home\site C:\Program Files (x86)\SiteExtensions\Kudu\51.50108.2013\msbuild" >
  <step title="Cleanup Xml Logs" date="2016-01-20T04:49:50.270" /><!-- duration: 19ms -->
  <step title="DeploymentManager.Deploy(id)" date="2016-01-20T04:49:50.429" >
    <step title="Collecting changeset information" date="2016-01-20T04:49:50.442" /><!-- duration: 62ms -->
    <step title="Updating to specific changeset" date="2016-01-20T04:49:50.520" /><!-- duration: 2616ms -->
    <step title="Updating submodules" date="2016-01-20T04:49:53.157" /><!-- duration: 42ms -->
    <step title="Determining deployment builder" date="2016-01-20T04:49:53.298" >
      <step title="Builder is NodeSiteBuilder" date="2016-01-20T04:49:55.192" /><!-- duration: 0ms -->
    </step><!-- duration: 1894ms -->
    <step title="Copying SSH keys" date="2016-01-20T04:49:55.223" /><!-- duration: 0ms -->
    <step title="Building" date="2016-01-20T04:49:55.223" >
      <step title="Generating deployment script" date="2016-01-20T04:49:55.274" >
        <step title="Using cached version of the deployment script for command: -y --no-dot-deployment -r &quot;D:\home\site\repository&quot; -o &quot;D:\home\site\deployments\tools&quot; --node --sitePath &quot;D:\home\site\repository&quot;" date="2016-01-20T04:49:55.301" /><!-- duration: 0ms -->
      </step><!-- duration: 47ms -->
      <step title="Executing external process" date="2016-01-20T04:49:55.379" type="process" path="starter.cmd" arguments="&quot;D:\home\site\deployments\tools\deploy.cmd&quot;" /><!-- duration: 18968ms -->
      <step title="Purge deployment items" date="2016-01-20T04:50:14.671" >
        <step title="Remove 105825357, Success, received at 1/20/2016 3:32:41 AM" date="2016-01-20T04:50:14.718" /><!-- duration: 0ms -->
      </step><!-- duration: 47ms -->
    </step><!-- duration: 19495ms -->
  </step><!-- duration: 24304ms -->
  <step title="Cleaning up temp files" date="2016-01-20T04:50:14.733" /><!-- duration: 0ms -->
  <step title="WebHooksManager.PublishEventAsync: PostDeployment" date="2016-01-20T04:50:14.749" /><!-- duration: 344ms -->
</step><!-- duration: 24981ms -->
