<step title="Incoming Request" date="2016-01-21T20:44:52.863" instance="a6bc3f" url="/codeCampMobile.git/info/refs?service=git-receive-pack" method="GET" type="request" pid="5428,2,6" Connection="Keep-Alive" Pragma="no-cache" Accept="*/*" Accept-Encoding="gzip" Accept-Language="en-US, *;q=0.9" Host="codecampmobile.scm.azurewebsites.net" User-Agent="git/2.6.1.windows.1" X-SITE-DEPLOYMENT-ID="codeCampMobile" >
  <step title="InfoRefsService.Execute" date="2016-01-21T20:44:54.321" >
    <step title="Assuming git repository at D:\home\site\repository" date="2016-01-21T20:44:54.434" /><!-- duration: 0ms -->
    <step title="InfoRefsService.SmartInfoRefs" date="2016-01-21T20:44:54.434" >
      <step title="Assuming git repository at D:\home\site\repository" date="2016-01-21T20:44:54.461" /><!-- duration: 0ms -->
      <step title="GitExeServer.AdvertiseReceivePack" date="2016-01-21T20:44:54.461" >
        <step title="Executing external process" date="2016-01-21T20:44:55.506" type="process" path="git.exe" arguments="receive-pack --stateless-rpc --advertise-refs &quot;D:\home\site\repository&quot;" /><!-- duration: 328ms -->
      </step><!-- duration: 1373ms -->
      <step title="Writing 185 bytes" date="2016-01-21T20:44:55.834" /><!-- duration: 21ms -->
    </step><!-- duration: 1421ms -->
  </step><!-- duration: 1534ms -->
  <step title="Outgoing response" date="2016-01-21T20:44:55.912" type="response" statusCode="200" statusText="OK" Server="Microsoft-IIS/8.0" x-ms-request-id="f42cf653-bd93-4793-ab70-11c9b34eb9c4" Pragma="no-cache" Cache-Control="must-revalidate, no-cache, max-age=0" Expires="Tue, 01 Jan 1980 00:00:00 GMT" Content-Length="185" X-AspNet-Version="4.0.30319" Content-Type="application/x-git-receive-pack-advertisement" /><!-- duration: 0ms -->
</step><!-- duration: 3050ms -->
