<step title="Incoming Request" date="2016-01-20T04:49:48.365" instance="a6bc3f" url="/codecampmobile.git/git-receive-pack" method="POST" type="request" pid="4340,2,34" Connection="Keep-Alive" Content-Length="691" Content-Type="application/x-git-receive-pack-request" Accept="application/x-git-receive-pack-result" Accept-Encoding="gzip" Host="codecampmobile.scm.azurewebsites.net" User-Agent="git/2.7.0" X-SITE-DEPLOYMENT-ID="codeCampMobile" >
  <step title="RpcService.ReceivePack" date="2016-01-20T04:49:48.380" >
    <step title="Assuming git repository at D:\home\site\repository" date="2016-01-20T04:49:48.380" /><!-- duration: 0ms -->
    <step title="Assuming git repository at D:\home\site\repository" date="2016-01-20T04:49:48.415" /><!-- duration: 0ms -->
    <step title="Creating temporary deployment" date="2016-01-20T04:49:49.079" /><!-- duration: 94ms -->
    <step title="GitExeServer.Receive" date="2016-01-20T04:49:49.173" >
      <step title="Executing external process" date="2016-01-20T04:49:49.173" type="process" path="git.exe" arguments="receive-pack --stateless-rpc &quot;D:\home\site\repository&quot;" /><!-- duration: 26186ms -->
    </step><!-- duration: 26201ms -->
  </step><!-- duration: 27093ms -->
  <step title="Outgoing response" date="2016-01-20T04:50:15.473" type="response" statusCode="200" statusText="OK" Server="Microsoft-IIS/8.0" Expires="Fri, 01 Jan 1980 00:00:00 GMT" Pragma="no-cache" Cache-Control="no-cache, max-age=0, must-revalidate" X-AspNet-Version="4.0.30319" Content-Type="application/x-git-receive-pack-result" /><!-- duration: 0ms -->
</step><!-- duration: 27108ms -->
