<step title="Executing external process" date="2016-01-20T03:44:16.124" instance="a6bc3f" type="process" path="kudu.exe" arguments="D:\home\site C:\Program Files (x86)\SiteExtensions\Kudu\51.50108.2013\msbuild" >
  <step title="Cleanup Xml Logs" date="2016-01-20T03:44:16.142" /><!-- duration: 15ms -->
  <step title="DeploymentManager.Deploy(id)" date="2016-01-20T03:44:16.285" >
    <step title="Collecting changeset information" date="2016-01-20T03:44:16.299" /><!-- duration: 59ms -->
    <step title="Updating to specific changeset" date="2016-01-20T03:44:16.374" /><!-- duration: 6445ms -->
    <step title="Updating submodules" date="2016-01-20T03:44:22.833" /><!-- duration: 31ms -->
    <step title="Determining deployment builder" date="2016-01-20T03:44:22.974" >
      <step title="Builder is NodeSiteBuilder" date="2016-01-20T03:44:25.327" /><!-- duration: 0ms -->
    </step><!-- duration: 2353ms -->
    <step title="Copying SSH keys" date="2016-01-20T03:44:25.358" /><!-- duration: 16ms -->
    <step title="Building" date="2016-01-20T03:44:25.374" >
      <step title="Generating deployment script" date="2016-01-20T03:44:25.406" >
        <step title="Using cached version of the deployment script for command: -y --no-dot-deployment -r &quot;D:\home\site\repository&quot; -o &quot;D:\home\site\deployments\tools&quot; --node --sitePath &quot;D:\home\site\repository&quot;" date="2016-01-20T03:44:25.456" /><!-- duration: 0ms -->
      </step><!-- duration: 61ms -->
      <step title="Executing external process" date="2016-01-20T03:44:25.530" type="process" path="starter.cmd" arguments="&quot;D:\home\site\deployments\tools\deploy.cmd&quot;" /><!-- duration: 24383ms -->
      <step title="Purge deployment items" date="2016-01-20T03:44:50.254" >
        <step title="Remove 5fd533cc5, Success, received at 1/11/2016 9:41:25 PM" date="2016-01-20T03:44:50.300" /><!-- duration: 0ms -->
      </step><!-- duration: 47ms -->
    </step><!-- duration: 24942ms -->
  </step><!-- duration: 34031ms -->
  <step title="Cleaning up temp files" date="2016-01-20T03:44:50.332" /><!-- duration: 0ms -->
  <step title="WebHooksManager.PublishEventAsync: PostDeployment" date="2016-01-20T03:44:52.544" /><!-- duration: 422ms -->
</step><!-- duration: 36988ms -->
