<step title="Incoming Request" date="2016-02-11T03:00:24.737" instance="2384bc" url="/codecampmobile.git/info/refs?service=git-receive-pack" method="GET" type="request" pid="7056,2,14" Connection="Keep-Alive" Pragma="no-cache" Accept="*/*" Accept-Encoding="gzip" Host="codecampmobile.scm.azurewebsites.net" User-Agent="git/2.7.0" X-SITE-DEPLOYMENT-ID="codeCampMobile" >
  <step title="Cleanup Xml Logs" date="2016-02-11T03:00:24.737" /><!-- duration: 31ms -->
  <step title="InfoRefsService.Execute" date="2016-02-11T03:00:24.784" >
    <step title="Assuming git repository at D:\home\site\repository" date="2016-02-11T03:00:24.831" /><!-- duration: 0ms -->
    <step title="InfoRefsService.SmartInfoRefs" date="2016-02-11T03:00:24.831" >
      <step title="Assuming git repository at D:\home\site\repository" date="2016-02-11T03:00:24.847" /><!-- duration: 16ms -->
      <step title="GitExeServer.AdvertiseReceivePack" date="2016-02-11T03:00:24.862" >
        <step title="Executing external process" date="2016-02-11T03:00:24.878" type="process" path="git.exe" arguments="receive-pack --stateless-rpc --advertise-refs &quot;D:\home\site\repository&quot;" /><!-- duration: 156ms -->
      </step><!-- duration: 188ms -->
      <step title="Writing 185 bytes" date="2016-02-11T03:00:25.065" /><!-- duration: 16ms -->
    </step><!-- duration: 250ms -->
  </step><!-- duration: 297ms -->
  <step title="Outgoing response" date="2016-02-11T03:00:25.097" type="response" statusCode="200" statusText="OK" Server="Microsoft-IIS/8.0" x-ms-request-id="b47de8de-6385-40ff-927c-81d9c2ee0ed2" Pragma="no-cache" Cache-Control="must-revalidate, no-cache, max-age=0" Expires="Tue, 01 Jan 1980 00:00:00 GMT" Content-Length="185" X-AspNet-Version="4.0.30319" Content-Type="application/x-git-receive-pack-advertisement" /><!-- duration: 0ms -->
</step><!-- duration: 359ms -->
