<step title="Executing external process" date="2016-01-20T03:30:02.444" instance="a6bc3f" type="process" path="kudu.exe" arguments="D:\home\site C:\Program Files (x86)\SiteExtensions\Kudu\51.50108.2013\msbuild" >
  <step title="Cleanup Xml Logs" date="2016-01-20T03:30:02.460" /><!-- duration: 16ms -->
  <step title="DeploymentManager.Deploy(id)" date="2016-01-20T03:30:02.621" >
    <step title="Collecting changeset information" date="2016-01-20T03:30:02.631" /><!-- duration: 109ms -->
    <step title="Updating to specific changeset" date="2016-01-20T03:30:02.756" /><!-- duration: 5676ms -->
    <step title="Updating submodules" date="2016-01-20T03:30:08.448" /><!-- duration: 62ms -->
    <step title="Determining deployment builder" date="2016-01-20T03:30:08.605" >
      <step title="Builder is NodeSiteBuilder" date="2016-01-20T03:30:10.816" /><!-- duration: 0ms -->
    </step><!-- duration: 2227ms -->
    <step title="Copying SSH keys" date="2016-01-20T03:30:10.847" /><!-- duration: 16ms -->
    <step title="Building" date="2016-01-20T03:30:10.863" >
      <step title="Generating deployment script" date="2016-01-20T03:30:10.898" >
        <step title="Using cached version of the deployment script for command: -y --no-dot-deployment -r &quot;D:\home\site\repository&quot; -o &quot;D:\home\site\deployments\tools&quot; --node --sitePath &quot;D:\home\site\repository&quot;" date="2016-01-20T03:30:10.963" /><!-- duration: 0ms -->
      </step><!-- duration: 78ms -->
      <step title="Executing external process" date="2016-01-20T03:30:11.056" type="process" path="starter.cmd" arguments="&quot;D:\home\site\deployments\tools\deploy.cmd&quot;" /><!-- duration: 31475ms -->
      <step title="Purge deployment items" date="2016-01-20T03:30:44.218" >
        <step title="Remove e4679c74d, Success, received at 1/11/2016 8:19:35 PM" date="2016-01-20T03:30:44.249" /><!-- duration: 16ms -->
      </step><!-- duration: 47ms -->
    </step><!-- duration: 33402ms -->
  </step><!-- duration: 41645ms -->
  <step title="Cleaning up temp files" date="2016-01-20T03:30:44.281" /><!-- duration: 0ms -->
  <step title="WebHooksManager.PublishEventAsync: PostDeployment" date="2016-01-20T03:30:44.302" /><!-- duration: 391ms -->
</step><!-- duration: 42452ms -->
