<step title="Incoming Request" date="2016-02-17T03:52:21.645" instance="2384bc" url="/codeCampMobile.git/info/refs?service=git-upload-pack" method="GET" type="request" pid="2168,2,6" Connection="Keep-Alive" Pragma="no-cache" Accept="*/*" Accept-Encoding="gzip" Host="codecampmobile.scm.azurewebsites.net" User-Agent="git/1.9.5.msysgit.0" X-SITE-DEPLOYMENT-ID="codeCampMobile" >
  <step title="Cleanup Xml Logs" date="2016-02-17T03:52:21.645" /><!-- duration: 16ms -->
  <step title="InfoRefsService.Execute" date="2016-02-17T03:52:21.676" >
    <step title="Assuming git repository at D:\home\site\repository" date="2016-02-17T03:52:21.723" /><!-- duration: 0ms -->
    <step title="InfoRefsService.SmartInfoRefs" date="2016-02-17T03:52:21.739" >
      <step title="Assuming git repository at D:\home\site\repository" date="2016-02-17T03:52:21.785" /><!-- duration: 0ms -->
      <step title="Assuming git repository at D:\home\site\repository" date="2016-02-17T03:52:22.934" /><!-- duration: 16ms -->
      <step title="Assuming git repository at D:\home\site\repository" date="2016-02-17T03:52:22.981" /><!-- duration: 0ms -->
      <step title="GitExeServer.AdvertiseUploadPack" date="2016-02-17T03:52:22.997" >
        <step title="Executing external process" date="2016-02-17T03:52:22.997" type="process" path="git.exe" arguments="upload-pack --stateless-rpc --advertise-refs &quot;D:\home\site\repository&quot;" /><!-- duration: 240ms -->
      </step><!-- duration: 243ms -->
      <step title="Writing 290 bytes" date="2016-02-17T03:52:23.240" /><!-- duration: 0ms -->
    </step><!-- duration: 1517ms -->
  </step><!-- duration: 1579ms -->
  <step title="Outgoing response" date="2016-02-17T03:52:23.255" type="response" statusCode="200" statusText="OK" Server="Microsoft-IIS/8.0" x-ms-request-id="a2578db7-0453-46b4-ad60-27609ed6751c" Pragma="no-cache" Cache-Control="must-revalidate, no-cache, max-age=0" Expires="Tue, 01 Jan 1980 00:00:00 GMT" Content-Length="290" X-AspNet-Version="4.0.30319" Content-Type="application/x-git-upload-pack-advertisement" /><!-- duration: 16ms -->
</step><!-- duration: 1626ms -->
