<step title="Incoming Request" date="2016-02-16T21:43:05.486" instance="2384bc" url="/codecampmobile.git/info/refs?service=git-receive-pack" method="GET" type="request" pid="10304,2,6" Connection="Keep-Alive" Pragma="no-cache" Accept="*/*" Accept-Encoding="gzip" Host="codecampmobile.scm.azurewebsites.net" User-Agent="git/2.7.1" X-SITE-DEPLOYMENT-ID="codeCampMobile" >
  <step title="InfoRefsService.Execute" date="2016-02-16T21:43:05.910" >
    <step title="Assuming git repository at D:\home\site\repository" date="2016-02-16T21:43:05.986" /><!-- duration: 0ms -->
    <step title="InfoRefsService.SmartInfoRefs" date="2016-02-16T21:43:05.986" >
      <step title="Assuming git repository at D:\home\site\repository" date="2016-02-16T21:43:06.002" /><!-- duration: 16ms -->
      <step title="GitExeServer.AdvertiseReceivePack" date="2016-02-16T21:43:06.018" >
        <step title="Executing external process" date="2016-02-16T21:43:06.138" type="process" path="git.exe" arguments="receive-pack --stateless-rpc --advertise-refs &quot;D:\home\site\repository&quot;" /><!-- duration: 156ms -->
      </step><!-- duration: 292ms -->
      <step title="Writing 185 bytes" date="2016-02-16T21:43:06.310" /><!-- duration: 16ms -->
    </step><!-- duration: 339ms -->
  </step><!-- duration: 416ms -->
  <step title="Outgoing response" date="2016-02-16T21:43:06.375" type="response" statusCode="200" statusText="OK" Server="Microsoft-IIS/8.0" x-ms-request-id="edf95d8f-d481-4838-a9c5-2a18fd24edaf" Pragma="no-cache" Cache-Control="must-revalidate, no-cache, max-age=0" Expires="Tue, 01 Jan 1980 00:00:00 GMT" Content-Length="185" X-AspNet-Version="4.0.30319" Content-Type="application/x-git-receive-pack-advertisement" /><!-- duration: 0ms -->
</step><!-- duration: 917ms -->
