<step title="Incoming Request" date="2016-01-20T16:13:01.939" instance="a6bc3f" url="/codecampmobile.git/info/refs?service=git-receive-pack" method="GET" type="request" pid="5212,2,6" Connection="Keep-Alive" Pragma="no-cache" Accept="*/*" Accept-Encoding="gzip" Host="codecampmobile.scm.azurewebsites.net" User-Agent="git/2.7.0" X-SITE-DEPLOYMENT-ID="codeCampMobile" >
  <step title="InfoRefsService.Execute" date="2016-01-20T16:13:03.238" >
    <step title="Assuming git repository at D:\home\site\repository" date="2016-01-20T16:13:03.347" /><!-- duration: 0ms -->
    <step title="InfoRefsService.SmartInfoRefs" date="2016-01-20T16:13:03.362" >
      <step title="Assuming git repository at D:\home\site\repository" date="2016-01-20T16:13:03.362" /><!-- duration: 15ms -->
      <step title="GitExeServer.AdvertiseReceivePack" date="2016-01-20T16:13:03.377" >
        <step title="Executing external process" date="2016-01-20T16:13:03.392" type="process" path="git.exe" arguments="receive-pack --stateless-rpc --advertise-refs &quot;D:\home\site\repository&quot;" /><!-- duration: 1769ms -->
      </step><!-- duration: 1798ms -->
      <step title="Writing 185 bytes" date="2016-01-20T16:13:05.174" /><!-- duration: 0ms -->
    </step><!-- duration: 1813ms -->
  </step><!-- duration: 1951ms -->
  <step title="Outgoing response" date="2016-01-20T16:13:05.236" type="response" statusCode="200" statusText="OK" Server="Microsoft-IIS/8.0" x-ms-request-id="7d5f5a08-45d0-4648-a94e-ebb6f08cbe6a" Pragma="no-cache" Cache-Control="must-revalidate, no-cache, max-age=0" Expires="Tue, 01 Jan 1980 00:00:00 GMT" Content-Length="185" X-AspNet-Version="4.0.30319" Content-Type="application/x-git-receive-pack-advertisement" /><!-- duration: 0ms -->
</step><!-- duration: 3297ms -->
