<step title="Incoming Request" date="2016-02-11T18:25:14.640" instance="2384bc" url="/codecampmobile.git/info/refs?service=git-receive-pack" method="GET" type="request" pid="3040,2,6" Connection="Keep-Alive" Pragma="no-cache" Accept="*/*" Accept-Encoding="gzip" Host="codecampmobile.scm.azurewebsites.net" User-Agent="git/2.7.0" X-SITE-DEPLOYMENT-ID="codeCampMobile" >
  <step title="InfoRefsService.Execute" date="2016-02-11T18:25:16.140" >
    <step title="Assuming git repository at D:\home\site\repository" date="2016-02-11T18:25:16.266" /><!-- duration: 0ms -->
    <step title="InfoRefsService.SmartInfoRefs" date="2016-02-11T18:25:16.282" >
      <step title="Assuming git repository at D:\home\site\repository" date="2016-02-11T18:25:16.300" /><!-- duration: 0ms -->
      <step title="GitExeServer.AdvertiseReceivePack" date="2016-02-11T18:25:16.300" >
        <step title="Executing external process" date="2016-02-11T18:25:17.331" type="process" path="git.exe" arguments="receive-pack --stateless-rpc --advertise-refs &quot;D:\home\site\repository&quot;" /><!-- duration: 383ms -->
      </step><!-- duration: 1430ms -->
      <step title="Writing 185 bytes" date="2016-02-11T18:25:17.730" /><!-- duration: 0ms -->
    </step><!-- duration: 1463ms -->
  </step><!-- duration: 1606ms -->
  <step title="Outgoing response" date="2016-02-11T18:25:17.810" type="response" statusCode="200" statusText="OK" Server="Microsoft-IIS/8.0" x-ms-request-id="ede383f1-80b7-4432-b4fc-e5f334096289" Pragma="no-cache" Cache-Control="must-revalidate, no-cache, max-age=0" Expires="Tue, 01 Jan 1980 00:00:00 GMT" Content-Length="185" X-AspNet-Version="4.0.30319" Content-Type="application/x-git-receive-pack-advertisement" /><!-- duration: 0ms -->
</step><!-- duration: 3170ms -->
