<step title="Executing external process" date="2016-02-16T21:19:21.863" instance="2384bc" type="process" path="kudu.exe" arguments="D:\home\site C:\Program Files (x86)\SiteExtensions\Kudu\51.50212.2079\msbuild" >
  <step title="Cleanup Xml Logs" date="2016-02-16T21:19:21.889" /><!-- duration: 16ms -->
  <step title="DeploymentManager.Deploy(id)" date="2016-02-16T21:19:22.346" >
    <step title="Collecting changeset information" date="2016-02-16T21:19:22.378" /><!-- duration: 125ms -->
    <step title="Updating to specific changeset" date="2016-02-16T21:19:22.518" /><!-- duration: 14820ms -->
    <step title="Updating submodules" date="2016-02-16T21:19:37.338" /><!-- duration: 125ms -->
    <step title="Determining deployment builder" date="2016-02-16T21:19:37.619" >
      <step title="Builder is NodeSiteBuilder" date="2016-02-16T21:19:42.400" /><!-- duration: 0ms -->
    </step><!-- duration: 4781ms -->
    <step title="Copying SSH keys" date="2016-02-16T21:19:42.432" /><!-- duration: 17ms -->
    <step title="Building" date="2016-02-16T21:19:42.449" >
      <step title="Generating deployment script" date="2016-02-16T21:19:42.528" >
        <step title="Using cached version of the deployment script for command: -y --no-dot-deployment -r &quot;D:\home\site\repository&quot; -o &quot;D:\home\site\deployments\tools&quot; --node --sitePath &quot;D:\home\site\repository&quot;" date="2016-02-16T21:19:42.606" /><!-- duration: 0ms -->
      </step><!-- duration: 109ms -->
      <step title="Executing external process" date="2016-02-16T21:19:42.780" type="process" path="starter.cmd" arguments="&quot;D:\home\site\deployments\tools\deploy.cmd&quot;" /><!-- duration: 51157ms -->
      <step title="Purge deployment items" date="2016-02-16T21:20:35.648" >
        <step title="Remove 542d49c70, Success, received at 2/11/2016 3:13:23 AM" date="2016-02-16T21:20:35.742" /><!-- duration: 0ms -->
      </step><!-- duration: 109ms -->
    </step><!-- duration: 53340ms -->
  </step><!-- duration: 73442ms -->
  <step title="Cleaning up temp files" date="2016-02-16T21:20:35.805" /><!-- duration: 0ms -->
  <step title="WebHooksManager.PublishEventAsync: PostDeployment" date="2016-02-16T21:20:35.836" /><!-- duration: 375ms -->
</step><!-- duration: 74523ms -->
