<step title="Incoming Request" date="2016-01-20T03:56:59.431" instance="a6bc3f" url="/codecampmobile.git/info/refs?service=git-receive-pack" method="GET" type="request" pid="4340,2,15" Connection="Keep-Alive" Pragma="no-cache" Accept="*/*" Accept-Encoding="gzip" Host="codecampmobile.scm.azurewebsites.net" User-Agent="git/2.7.0" X-SITE-DEPLOYMENT-ID="codeCampMobile" >
  <step title="Cleanup Xml Logs" date="2016-01-20T03:56:59.440" /><!-- duration: 16ms -->
  <step title="InfoRefsService.Execute" date="2016-01-20T03:56:59.456" >
    <step title="Assuming git repository at D:\home\site\repository" date="2016-01-20T03:56:59.471" /><!-- duration: 0ms -->
    <step title="InfoRefsService.SmartInfoRefs" date="2016-01-20T03:56:59.487" >
      <step title="Assuming git repository at D:\home\site\repository" date="2016-01-20T03:56:59.487" /><!-- duration: 0ms -->
      <step title="GitExeServer.AdvertiseReceivePack" date="2016-01-20T03:56:59.508" >
        <step title="Executing external process" date="2016-01-20T03:56:59.508" type="process" path="git.exe" arguments="receive-pack --stateless-rpc --advertise-refs &quot;D:\home\site\repository&quot;" /><!-- duration: 135ms -->
      </step><!-- duration: 135ms -->
      <step title="Writing 185 bytes" date="2016-01-20T03:56:59.643" /><!-- duration: 16ms -->
    </step><!-- duration: 172ms -->
  </step><!-- duration: 203ms -->
  <step title="Outgoing response" date="2016-01-20T03:56:59.659" type="response" statusCode="200" statusText="OK" Server="Microsoft-IIS/8.0" x-ms-request-id="254b8c58-b613-44b5-836e-84c7d040c7af" Pragma="no-cache" Cache-Control="must-revalidate, no-cache, max-age=0" Expires="Tue, 01 Jan 1980 00:00:00 GMT" Content-Length="185" X-AspNet-Version="4.0.30319" Content-Type="application/x-git-receive-pack-advertisement" /><!-- duration: 0ms -->
</step><!-- duration: 243ms -->
