<step title="Incoming Request" date="2016-01-20T04:00:15.195" instance="a6bc3f" url="/codecampmobile.git/git-receive-pack" method="POST" type="request" pid="4340,2,20" Connection="Keep-Alive" Transfer-Encoding="chunked" Content-Type="application/x-git-receive-pack-request" Accept="application/x-git-receive-pack-result" Accept-Encoding="gzip" Host="codecampmobile.scm.azurewebsites.net" User-Agent="git/2.7.0" X-SITE-DEPLOYMENT-ID="codeCampMobile" >
  <step title="RpcService.ReceivePack" date="2016-01-20T04:00:15.451" >
    <step title="Assuming git repository at D:\home\site\repository" date="2016-01-20T04:00:15.467" /><!-- duration: 0ms -->
    <step title="Assuming git repository at D:\home\site\repository" date="2016-01-20T04:00:15.482" /><!-- duration: 16ms -->
    <step title="Creating temporary deployment" date="2016-01-20T04:00:16.204" /><!-- duration: 42ms -->
    <step title="GitExeServer.Receive" date="2016-01-20T04:00:16.261" >
      <step title="Executing external process" date="2016-01-20T04:00:16.261" type="process" path="git.exe" arguments="receive-pack --stateless-rpc &quot;D:\home\site\repository&quot;" /><!-- duration: 139217ms -->
    </step><!-- duration: 139217ms -->
  </step><!-- duration: 140071ms -->
  <step title="Outgoing response" date="2016-01-20T04:02:35.541" type="response" statusCode="200" statusText="OK" Server="Microsoft-IIS/8.0" Expires="Fri, 01 Jan 1980 00:00:00 GMT" Pragma="no-cache" Cache-Control="no-cache, max-age=0, must-revalidate" X-AspNet-Version="4.0.30319" Content-Type="application/x-git-receive-pack-result" /><!-- duration: 1ms -->
</step><!-- duration: 140347ms -->
