<step title="Incoming Request" date="2016-02-17T01:45:04.671" instance="2384bc" url="/codeCampMobile.git/info/refs?service=git-upload-pack" method="GET" type="request" pid="2784,2,8" Connection="Keep-Alive" Pragma="no-cache" Accept="*/*" Accept-Encoding="gzip" Host="codecampmobile.scm.azurewebsites.net" User-Agent="git/2.5.4 (Apple Git-61)" X-SITE-DEPLOYMENT-ID="codeCampMobile" >
  <step title="Cleanup Xml Logs" date="2016-02-17T01:45:04.671" /><!-- duration: 16ms -->
  <step title="InfoRefsService.Execute" date="2016-02-17T01:45:04.718" >
    <step title="Assuming git repository at D:\home\site\repository" date="2016-02-17T01:45:04.734" /><!-- duration: 16ms -->
    <step title="InfoRefsService.SmartInfoRefs" date="2016-02-17T01:45:04.749" >
      <step title="Assuming git repository at D:\home\site\repository" date="2016-02-17T01:45:04.765" /><!-- duration: 16ms -->
      <step title="Assuming git repository at D:\home\site\repository" date="2016-02-17T01:45:05.995" /><!-- duration: 16ms -->
      <step title="Assuming git repository at D:\home\site\repository" date="2016-02-17T01:45:06.042" /><!-- duration: 0ms -->
      <step title="GitExeServer.AdvertiseUploadPack" date="2016-02-17T01:45:06.042" >
        <step title="Executing external process" date="2016-02-17T01:45:06.042" type="process" path="git.exe" arguments="upload-pack --stateless-rpc --advertise-refs &quot;D:\home\site\repository&quot;" /><!-- duration: 239ms -->
      </step><!-- duration: 264ms -->
      <step title="Writing 290 bytes" date="2016-02-17T01:45:06.307" /><!-- duration: 0ms -->
    </step><!-- duration: 1574ms -->
  </step><!-- duration: 1605ms -->
  <step title="Outgoing response" date="2016-02-17T01:45:06.339" type="response" statusCode="200" statusText="OK" Server="Microsoft-IIS/8.0" x-ms-request-id="971bb586-afd6-4567-b5eb-5ca439a03b0e" Pragma="no-cache" Cache-Control="must-revalidate, no-cache, max-age=0" Expires="Tue, 01 Jan 1980 00:00:00 GMT" Content-Length="290" X-AspNet-Version="4.0.30319" Content-Type="application/x-git-upload-pack-advertisement" /><!-- duration: 0ms -->
</step><!-- duration: 1683ms -->
