<step title="Incoming Request" date="2016-01-11T22:29:33.635" instance="922b3b" url="/codecampmobile.git/git-receive-pack" method="POST" type="request" pid="7260,2,6" Connection="Keep-Alive" Content-Length="596" Content-Type="application/x-git-receive-pack-request" Accept="application/x-git-receive-pack-result" Accept-Encoding="gzip" Host="codecampmobile.scm.azurewebsites.net" User-Agent="git/1.8.4" X-SITE-DEPLOYMENT-ID="codeCampMobile" >
  <step title="RpcService.ReceivePack" date="2016-01-11T22:29:33.682" >
    <step title="Assuming git repository at D:\home\site\repository" date="2016-01-11T22:29:33.700" /><!-- duration: 14ms -->
    <step title="Assuming git repository at D:\home\site\repository" date="2016-01-11T22:29:33.760" /><!-- duration: 0ms -->
    <step title="Creating temporary deployment" date="2016-01-11T22:29:34.644" /><!-- duration: 78ms -->
    <step title="GitExeServer.Receive" date="2016-01-11T22:29:34.722" >
      <step title="Executing external process" date="2016-01-11T22:29:34.722" type="process" path="git.exe" arguments="receive-pack --stateless-rpc &quot;D:\home\site\repository&quot;" /><!-- duration: 36575ms -->
    </step><!-- duration: 36575ms -->
  </step><!-- duration: 37693ms -->
  <step title="Outgoing response" date="2016-01-11T22:30:11.375" type="response" statusCode="200" statusText="OK" Server="Microsoft-IIS/8.0" Expires="Fri, 01 Jan 1980 00:00:00 GMT" Pragma="no-cache" Cache-Control="no-cache, max-age=0, must-revalidate" X-AspNet-Version="4.0.30319" Content-Type="application/x-git-receive-pack-result" /><!-- duration: 16ms -->
</step><!-- duration: 37756ms -->
