<step title="Incoming Request" date="2016-01-20T03:44:11.855" instance="a6bc3f" url="/codecampmobile.git/info/refs?service=git-receive-pack" method="GET" type="request" pid="4340,2,27" Connection="Keep-Alive" Pragma="no-cache" Accept="*/*" Accept-Encoding="gzip" Host="codecampmobile.scm.azurewebsites.net" User-Agent="git/2.7.0" X-SITE-DEPLOYMENT-ID="codeCampMobile" >
  <step title="Cleanup Xml Logs" date="2016-01-20T03:44:11.870" /><!-- duration: 16ms -->
  <step title="InfoRefsService.Execute" date="2016-01-20T03:44:11.906" >
    <step title="Assuming git repository at D:\home\site\repository" date="2016-01-20T03:44:11.921" /><!-- duration: 16ms -->
    <step title="InfoRefsService.SmartInfoRefs" date="2016-01-20T03:44:11.937" >
      <step title="Assuming git repository at D:\home\site\repository" date="2016-01-20T03:44:11.937" /><!-- duration: 16ms -->
      <step title="GitExeServer.AdvertiseReceivePack" date="2016-01-20T03:44:11.952" >
        <step title="Executing external process" date="2016-01-20T03:44:11.968" type="process" path="git.exe" arguments="receive-pack --stateless-rpc --advertise-refs &quot;D:\home\site\repository&quot;" /><!-- duration: 144ms -->
      </step><!-- duration: 160ms -->
      <step title="Writing 185 bytes" date="2016-01-20T03:44:12.112" /><!-- duration: 0ms -->
    </step><!-- duration: 175ms -->
  </step><!-- duration: 218ms -->
  <step title="Outgoing response" date="2016-01-20T03:44:12.124" type="response" statusCode="200" statusText="OK" Server="Microsoft-IIS/8.0" x-ms-request-id="a187f930-e7b2-483c-aace-9b6e5db834f8" Pragma="no-cache" Cache-Control="must-revalidate, no-cache, max-age=0" Expires="Tue, 01 Jan 1980 00:00:00 GMT" Content-Length="185" X-AspNet-Version="4.0.30319" Content-Type="application/x-git-receive-pack-advertisement" /><!-- duration: 0ms -->
</step><!-- duration: 270ms -->
