<step title="Incoming Request" date="2016-01-20T03:29:56.527" instance="a6bc3f" url="/codecampmobile.git/git-receive-pack" method="POST" type="request" pid="4340,2,8" Connection="Keep-Alive" Content-Length="4101" Content-Type="application/x-git-receive-pack-request" Accept="application/x-git-receive-pack-result" Accept-Encoding="gzip" Host="codecampmobile.scm.azurewebsites.net" User-Agent="git/2.7.0" X-SITE-DEPLOYMENT-ID="codeCampMobile" >
  <step title="RpcService.ReceivePack" date="2016-01-20T03:29:56.547" >
    <step title="Assuming git repository at D:\home\site\repository" date="2016-01-20T03:29:56.559" /><!-- duration: 0ms -->
    <step title="Assuming git repository at D:\home\site\repository" date="2016-01-20T03:29:56.590" /><!-- duration: 0ms -->
    <step title="Creating temporary deployment" date="2016-01-20T03:29:57.187" /><!-- duration: 109ms -->
    <step title="GitExeServer.Receive" date="2016-01-20T03:29:57.312" >
      <step title="Executing external process" date="2016-01-20T03:29:57.312" type="process" path="git.exe" arguments="receive-pack --stateless-rpc &quot;D:\home\site\repository&quot;" /><!-- duration: 47709ms -->
    </step><!-- duration: 47709ms -->
  </step><!-- duration: 48652ms -->
  <step title="Outgoing response" date="2016-01-20T03:30:45.214" type="response" statusCode="200" statusText="OK" Server="Microsoft-IIS/8.0" Expires="Fri, 01 Jan 1980 00:00:00 GMT" Pragma="no-cache" Cache-Control="no-cache, max-age=0, must-revalidate" X-AspNet-Version="4.0.30319" Content-Type="application/x-git-receive-pack-result" /><!-- duration: 0ms -->
</step><!-- duration: 48687ms -->
