<step title="Incoming Request" date="2016-02-17T01:46:41.253" instance="2384bc" url="/codeCampMobile.git/info/refs?service=git-upload-pack" method="GET" type="request" pid="2784,2,8" Connection="Keep-Alive" Pragma="no-cache" Accept="*/*" Accept-Encoding="gzip" Host="codecampmobile.scm.azurewebsites.net" User-Agent="git/2.5.4 (Apple Git-61)" X-SITE-DEPLOYMENT-ID="codeCampMobile" >
  <step title="Cleanup Xml Logs" date="2016-02-17T01:46:41.269" /><!-- duration: 17ms -->
  <step title="InfoRefsService.Execute" date="2016-02-17T01:46:41.301" >
    <step title="Assuming git repository at D:\home\site\repository" date="2016-02-17T01:46:41.317" /><!-- duration: 18ms -->
    <step title="InfoRefsService.SmartInfoRefs" date="2016-02-17T01:46:41.334" >
      <step title="Assuming git repository at D:\home\site\repository" date="2016-02-17T01:46:41.350" /><!-- duration: 16ms -->
      <step title="Assuming git repository at D:\home\site\repository" date="2016-02-17T01:46:42.655" /><!-- duration: 21ms -->
      <step title="Assuming git repository at D:\home\site\repository" date="2016-02-17T01:46:42.704" /><!-- duration: 0ms -->
      <step title="GitExeServer.AdvertiseUploadPack" date="2016-02-17T01:46:42.717" >
        <step title="Executing external process" date="2016-02-17T01:46:42.717" type="process" path="git.exe" arguments="upload-pack --stateless-rpc --advertise-refs &quot;D:\home\site\repository&quot;" /><!-- duration: 250ms -->
      </step><!-- duration: 266ms -->
      <step title="Writing 290 bytes" date="2016-02-17T01:46:42.999" /><!-- duration: 0ms -->
    </step><!-- duration: 1680ms -->
  </step><!-- duration: 1714ms -->
  <step title="Outgoing response" date="2016-02-17T01:46:43.030" type="response" statusCode="200" statusText="OK" Server="Microsoft-IIS/8.0" x-ms-request-id="1f28f0cc-fca6-4cb6-958d-4e5f6f2b2e76" Pragma="no-cache" Cache-Control="must-revalidate, no-cache, max-age=0" Expires="Tue, 01 Jan 1980 00:00:00 GMT" Content-Length="290" X-AspNet-Version="4.0.30319" Content-Type="application/x-git-upload-pack-advertisement" /><!-- duration: 16ms -->
</step><!-- duration: 1792ms -->
