<step title="Incoming Request" date="2016-02-16T21:18:57.437" instance="2384bc" url="/codecampmobile.git/info/refs?service=git-receive-pack" method="GET" type="request" pid="5288,2,6" Connection="Keep-Alive" Pragma="no-cache" Accept="*/*" Accept-Encoding="gzip" Host="codecampmobile.scm.azurewebsites.net" User-Agent="git/2.7.1" X-SITE-DEPLOYMENT-ID="codeCampMobile" >
  <step title="InfoRefsService.Execute" date="2016-02-16T21:18:58.722" >
    <step title="Assuming git repository at D:\home\site\repository" date="2016-02-16T21:18:59.048" /><!-- duration: 0ms -->
    <step title="InfoRefsService.SmartInfoRefs" date="2016-02-16T21:18:59.064" >
      <step title="Assuming git repository at D:\home\site\repository" date="2016-02-16T21:18:59.079" /><!-- duration: 16ms -->
      <step title="GitExeServer.AdvertiseReceivePack" date="2016-02-16T21:18:59.095" >
        <step title="Executing external process" date="2016-02-16T21:19:00.102" type="process" path="git.exe" arguments="receive-pack --stateless-rpc --advertise-refs &quot;D:\home\site\repository&quot;" /><!-- duration: 1630ms -->
      </step><!-- duration: 2637ms -->
      <step title="Writing 185 bytes" date="2016-02-16T21:19:01.748" /><!-- duration: 0ms -->
    </step><!-- duration: 2684ms -->
  </step><!-- duration: 3041ms -->
  <step title="Outgoing response" date="2016-02-16T21:19:01.810" type="response" statusCode="200" statusText="OK" Server="Microsoft-IIS/8.0" x-ms-request-id="38f70651-dda3-49b7-8f6a-ab7b5fd3cf39" Pragma="no-cache" Cache-Control="must-revalidate, no-cache, max-age=0" Expires="Tue, 01 Jan 1980 00:00:00 GMT" Content-Length="185" X-AspNet-Version="4.0.30319" Content-Type="application/x-git-receive-pack-advertisement" /><!-- duration: 18ms -->
</step><!-- duration: 4404ms -->
