<step title="Incoming Request" date="2016-02-11T03:04:24.141" instance="2384bc" url="/codecampmobile.git/git-receive-pack" method="POST" type="request" pid="7056,2,24" Connection="Keep-Alive" Content-Length="441" Content-Type="application/x-git-receive-pack-request" Accept="application/x-git-receive-pack-result" Accept-Encoding="gzip" Host="codecampmobile.scm.azurewebsites.net" User-Agent="git/2.7.0" X-SITE-DEPLOYMENT-ID="codeCampMobile" >
  <step title="RpcService.ReceivePack" date="2016-02-11T03:04:24.157" >
    <step title="Assuming git repository at D:\home\site\repository" date="2016-02-11T03:04:24.173" /><!-- duration: 0ms -->
    <step title="Assuming git repository at D:\home\site\repository" date="2016-02-11T03:04:24.188" /><!-- duration: 16ms -->
    <step title="Creating temporary deployment" date="2016-02-11T03:04:25.876" /><!-- duration: 64ms -->
    <step title="GitExeServer.Receive" date="2016-02-11T03:04:25.939" >
      <step title="Executing external process" date="2016-02-11T03:04:25.955" type="process" path="git.exe" arguments="receive-pack --stateless-rpc &quot;D:\home\site\repository&quot;" /><!-- duration: 45783ms -->
    </step><!-- duration: 45799ms -->
  </step><!-- duration: 47722ms -->
  <step title="Outgoing response" date="2016-02-11T03:05:11.894" type="response" statusCode="200" statusText="OK" Server="Microsoft-IIS/8.0" Expires="Fri, 01 Jan 1980 00:00:00 GMT" Pragma="no-cache" Cache-Control="no-cache, max-age=0, must-revalidate" X-AspNet-Version="4.0.30319" Content-Type="application/x-git-receive-pack-result" /><!-- duration: 18ms -->
</step><!-- duration: 47784ms -->
