<step title="Executing external process" date="2016-01-20T03:36:23.409" instance="a6bc3f" type="process" path="kudu.exe" arguments="D:\home\site C:\Program Files (x86)\SiteExtensions\Kudu\51.50108.2013\msbuild" >
  <step title="Cleanup Xml Logs" date="2016-01-20T03:36:23.427" /><!-- duration: 15ms -->
  <step title="DeploymentManager.Deploy(id)" date="2016-01-20T03:36:23.567" >
    <step title="Collecting changeset information" date="2016-01-20T03:36:23.581" /><!-- duration: 78ms -->
    <step title="Updating to specific changeset" date="2016-01-20T03:36:23.659" /><!-- duration: 2300ms -->
    <step title="Updating submodules" date="2016-01-20T03:36:25.960" /><!-- duration: 31ms -->
    <step title="Determining deployment builder" date="2016-01-20T03:36:26.069" >
      <step title="Builder is NodeSiteBuilder" date="2016-01-20T03:36:27.953" /><!-- duration: 0ms -->
    </step><!-- duration: 1884ms -->
    <step title="Copying SSH keys" date="2016-01-20T03:36:27.985" /><!-- duration: 0ms -->
    <step title="Building" date="2016-01-20T03:36:28.000" >
      <step title="Generating deployment script" date="2016-01-20T03:36:28.041" >
        <step title="Using cached version of the deployment script for command: -y --no-dot-deployment -r &quot;D:\home\site\repository&quot; -o &quot;D:\home\site\deployments\tools&quot; --node --sitePath &quot;D:\home\site\repository&quot;" date="2016-01-20T03:36:28.072" /><!-- duration: 0ms -->
      </step><!-- duration: 47ms -->
      <step title="Executing external process" date="2016-01-20T03:36:28.150" type="process" path="starter.cmd" arguments="&quot;D:\home\site\deployments\tools\deploy.cmd&quot;" /><!-- duration: 19353ms -->
      <step title="Purge deployment items" date="2016-01-20T03:36:47.863" >
        <step title="Remove bb0af66df, Success, received at 1/11/2016 9:17:41 PM" date="2016-01-20T03:36:47.894" /><!-- duration: 0ms -->
      </step><!-- duration: 47ms -->
    </step><!-- duration: 19927ms -->
  </step><!-- duration: 24359ms -->
  <step title="Cleaning up temp files" date="2016-01-20T03:36:47.926" /><!-- duration: 0ms -->
  <step title="WebHooksManager.PublishEventAsync: PostDeployment" date="2016-01-20T03:36:47.942" /><!-- duration: 328ms -->
</step><!-- duration: 25001ms -->
