<step title="Executing external process" date="2016-02-11T03:00:30.640" instance="2384bc" type="process" path="kudu.exe" arguments="D:\home\site C:\Program Files (x86)\SiteExtensions\Kudu\51.50119.2041\msbuild" >
  <step title="Cleanup Xml Logs" date="2016-02-11T03:00:30.671" /><!-- duration: 15ms -->
  <step title="DeploymentManager.Deploy(id)" date="2016-02-11T03:00:30.799" >
    <step title="Collecting changeset information" date="2016-02-11T03:00:30.812" /><!-- duration: 78ms -->
    <step title="Updating to specific changeset" date="2016-02-11T03:00:30.890" /><!-- duration: 3655ms -->
    <step title="Updating submodules" date="2016-02-11T03:00:34.560" /><!-- duration: 47ms -->
    <step title="Determining deployment builder" date="2016-02-11T03:00:34.716" >
      <step title="Builder is NodeSiteBuilder" date="2016-02-11T03:00:38.515" /><!-- duration: 16ms -->
    </step><!-- duration: 3814ms -->
    <step title="Copying SSH keys" date="2016-02-11T03:00:38.562" /><!-- duration: 16ms -->
    <step title="Building" date="2016-02-11T03:00:38.578" >
      <step title="Generating deployment script" date="2016-02-11T03:00:38.648" >
        <step title="Using cached version of the deployment script for command: -y --no-dot-deployment -r &quot;D:\home\site\repository&quot; -o &quot;D:\home\site\deployments\tools&quot; --node --sitePath &quot;D:\home\site\repository&quot;" date="2016-02-11T03:00:38.679" /><!-- duration: 16ms -->
      </step><!-- duration: 63ms -->
      <step title="Executing external process" date="2016-02-11T03:00:38.871" type="process" path="starter.cmd" arguments="&quot;D:\home\site\deployments\tools\deploy.cmd&quot;" /><!-- duration: 26574ms -->
      <step title="Purge deployment items" date="2016-02-11T03:01:06.052" >
        <step title="Remove 6fc6c6562, Success, received at 1/20/2016 3:57:01 AM" date="2016-02-11T03:01:06.209" /><!-- duration: 16ms -->
      </step><!-- duration: 188ms -->
    </step><!-- duration: 27678ms -->
  </step><!-- duration: 35473ms -->
  <step title="Cleaning up temp files" date="2016-02-11T03:01:06.272" /><!-- duration: 16ms -->
  <step title="WebHooksManager.PublishEventAsync: PostDeployment" date="2016-02-11T03:01:06.318" /><!-- duration: 317ms -->
</step><!-- duration: 36119ms -->
