<step title="Executing external process" date="2016-01-20T04:29:27.170" instance="a6bc3f" type="process" path="kudu.exe" arguments="D:\home\site C:\Program Files (x86)\SiteExtensions\Kudu\51.50108.2013\msbuild" >
  <step title="Cleanup Xml Logs" date="2016-01-20T04:29:27.183" /><!-- duration: 16ms -->
  <step title="DeploymentManager.Deploy(id)" date="2016-01-20T04:29:27.325" >
    <step title="Collecting changeset information" date="2016-01-20T04:29:27.340" /><!-- duration: 78ms -->
    <step title="Updating to specific changeset" date="2016-01-20T04:29:27.433" /><!-- duration: 6879ms -->
    <step title="Updating submodules" date="2016-01-20T04:29:34.326" /><!-- duration: 31ms -->
    <step title="Determining deployment builder" date="2016-01-20T04:29:34.453" >
      <step title="Builder is NodeSiteBuilder" date="2016-01-20T04:29:36.727" /><!-- duration: 17ms -->
    </step><!-- duration: 2291ms -->
    <step title="Copying SSH keys" date="2016-01-20T04:29:36.774" /><!-- duration: 0ms -->
    <step title="Building" date="2016-01-20T04:29:36.774" >
      <step title="Generating deployment script" date="2016-01-20T04:29:36.821" >
        <step title="Using cached version of the deployment script for command: -y --no-dot-deployment -r &quot;D:\home\site\repository&quot; -o &quot;D:\home\site\deployments\tools&quot; --node --sitePath &quot;D:\home\site\repository&quot;" date="2016-01-20T04:29:36.856" /><!-- duration: 0ms -->
      </step><!-- duration: 47ms -->
      <step title="Executing external process" date="2016-01-20T04:29:36.931" type="process" path="starter.cmd" arguments="&quot;D:\home\site\deployments\tools\deploy.cmd&quot;" /><!-- duration: 20686ms -->
      <step title="Purge deployment items" date="2016-01-20T04:29:57.928" >
        <step title="Remove e66622668, Success, received at 1/11/2016 10:35:19 PM" date="2016-01-20T04:29:57.975" /><!-- duration: 0ms -->
      </step><!-- duration: 47ms -->
    </step><!-- duration: 21216ms -->
  </step><!-- duration: 30665ms -->
  <step title="Cleaning up temp files" date="2016-01-20T04:29:57.990" /><!-- duration: 0ms -->
  <step title="WebHooksManager.PublishEventAsync: PostDeployment" date="2016-01-20T04:29:58.006" /><!-- duration: 328ms -->
</step><!-- duration: 31304ms -->
