<step title="Executing external process" date="2016-01-20T03:32:40.823" instance="a6bc3f" type="process" path="kudu.exe" arguments="D:\home\site C:\Program Files (x86)\SiteExtensions\Kudu\51.50108.2013\msbuild" >
  <step title="Cleanup Xml Logs" date="2016-01-20T03:32:40.839" /><!-- duration: 21ms -->
  <step title="DeploymentManager.Deploy(id)" date="2016-01-20T03:32:40.984" >
    <step title="Collecting changeset information" date="2016-01-20T03:32:40.998" /><!-- duration: 77ms -->
    <step title="Updating to specific changeset" date="2016-01-20T03:32:41.075" /><!-- duration: 2651ms -->
    <step title="Updating submodules" date="2016-01-20T03:32:43.726" /><!-- duration: 68ms -->
    <step title="Determining deployment builder" date="2016-01-20T03:32:43.878" >
      <step title="Builder is NodeSiteBuilder" date="2016-01-20T03:32:46.073" /><!-- duration: 16ms -->
    </step><!-- duration: 2211ms -->
    <step title="Copying SSH keys" date="2016-01-20T03:32:46.106" /><!-- duration: 17ms -->
    <step title="Building" date="2016-01-20T03:32:46.123" >
      <step title="Generating deployment script" date="2016-01-20T03:32:46.170" >
        <step title="Using cached version of the deployment script for command: -y --no-dot-deployment -r &quot;D:\home\site\repository&quot; -o &quot;D:\home\site\deployments\tools&quot; --node --sitePath &quot;D:\home\site\repository&quot;" date="2016-01-20T03:32:46.216" /><!-- duration: 16ms -->
      </step><!-- duration: 62ms -->
      <step title="Executing external process" date="2016-01-20T03:32:46.314" type="process" path="starter.cmd" arguments="&quot;D:\home\site\deployments\tools\deploy.cmd&quot;" /><!-- duration: 19461ms -->
      <step title="Purge deployment items" date="2016-01-20T03:33:06.212" >
        <step title="Remove 5bc28247c, Success, received at 1/11/2016 8:29:33 PM" date="2016-01-20T03:33:06.327" /><!-- duration: 0ms -->
      </step><!-- duration: 115ms -->
    </step><!-- duration: 20237ms -->
  </step><!-- duration: 25375ms -->
  <step title="Cleaning up temp files" date="2016-01-20T03:33:06.360" /><!-- duration: 16ms -->
  <step title="WebHooksManager.PublishEventAsync: PostDeployment" date="2016-01-20T03:33:06.378" /><!-- duration: 345ms -->
</step><!-- duration: 26024ms -->
