<step title="Executing external process" date="2016-02-11T03:02:54.256" instance="2384bc" type="process" path="kudu.exe" arguments="D:\home\site C:\Program Files (x86)\SiteExtensions\Kudu\51.50119.2041\msbuild" >
  <step title="Cleanup Xml Logs" date="2016-02-11T03:02:54.286" /><!-- duration: 14ms -->
  <step title="DeploymentManager.Deploy(id)" date="2016-02-11T03:02:54.457" >
    <step title="Collecting changeset information" date="2016-02-11T03:02:54.473" /><!-- duration: 83ms -->
    <step title="Updating to specific changeset" date="2016-02-11T03:02:54.556" /><!-- duration: 3427ms -->
    <step title="Updating submodules" date="2016-02-11T03:02:57.999" /><!-- duration: 78ms -->
    <step title="Determining deployment builder" date="2016-02-11T03:02:58.218" >
      <step title="Builder is NodeSiteBuilder" date="2016-02-11T03:03:02.194" /><!-- duration: 0ms -->
    </step><!-- duration: 3992ms -->
    <step title="Copying SSH keys" date="2016-02-11T03:03:02.256" /><!-- duration: 16ms -->
    <step title="Building" date="2016-02-11T03:03:02.287" >
      <step title="Generating deployment script" date="2016-02-11T03:03:02.381" >
        <step title="Using cached version of the deployment script for command: -y --no-dot-deployment -r &quot;D:\home\site\repository&quot; -o &quot;D:\home\site\deployments\tools&quot; --node --sitePath &quot;D:\home\site\repository&quot;" date="2016-02-11T03:03:02.428" /><!-- duration: 21ms -->
      </step><!-- duration: 78ms -->
      <step title="Executing external process" date="2016-02-11T03:03:02.572" type="process" path="starter.cmd" arguments="&quot;D:\home\site\deployments\tools\deploy.cmd&quot;" /><!-- duration: 33133ms -->
      <step title="Purge deployment items" date="2016-02-11T03:03:36.725" >
        <step title="Remove 6745587d0, Success, received at 1/20/2016 4:00:23 AM" date="2016-02-11T03:03:37.006" /><!-- duration: 16ms -->
      </step><!-- duration: 304ms -->
    </step><!-- duration: 34819ms -->
  </step><!-- duration: 42649ms -->
  <step title="Cleaning up temp files" date="2016-02-11T03:03:37.106" /><!-- duration: 16ms -->
  <step title="WebHooksManager.PublishEventAsync: PostDeployment" date="2016-02-11T03:03:37.159" /><!-- duration: 300ms -->
</step><!-- duration: 43344ms -->
