<step title="Incoming Request" date="2016-01-20T03:32:38.853" instance="a6bc3f" url="/codecampmobile.git/info/refs?service=git-receive-pack" method="GET" type="request" pid="4340,2,9" Connection="Keep-Alive" Pragma="no-cache" Accept="*/*" Accept-Encoding="gzip" Host="codecampmobile.scm.azurewebsites.net" User-Agent="git/2.7.0" X-SITE-DEPLOYMENT-ID="codeCampMobile" >
  <step title="Cleanup Xml Logs" date="2016-01-20T03:32:38.869" /><!-- duration: 16ms -->
  <step title="InfoRefsService.Execute" date="2016-01-20T03:32:38.905" >
    <step title="Assuming git repository at D:\home\site\repository" date="2016-01-20T03:32:38.931" /><!-- duration: 0ms -->
    <step title="InfoRefsService.SmartInfoRefs" date="2016-01-20T03:32:38.947" >
      <step title="Assuming git repository at D:\home\site\repository" date="2016-01-20T03:32:38.947" /><!-- duration: 16ms -->
      <step title="GitExeServer.AdvertiseReceivePack" date="2016-01-20T03:32:38.962" >
        <step title="Executing external process" date="2016-01-20T03:32:38.962" type="process" path="git.exe" arguments="receive-pack --stateless-rpc --advertise-refs &quot;D:\home\site\repository&quot;" /><!-- duration: 109ms -->
      </step><!-- duration: 125ms -->
      <step title="Writing 185 bytes" date="2016-01-20T03:32:39.087" /><!-- duration: 0ms -->
    </step><!-- duration: 141ms -->
  </step><!-- duration: 198ms -->
  <step title="Outgoing response" date="2016-01-20T03:32:39.103" type="response" statusCode="200" statusText="OK" Server="Microsoft-IIS/8.0" x-ms-request-id="7b161069-306f-451e-a7e2-25c97f614b9c" Pragma="no-cache" Cache-Control="must-revalidate, no-cache, max-age=0" Expires="Tue, 01 Jan 1980 00:00:00 GMT" Content-Length="185" X-AspNet-Version="4.0.30319" Content-Type="application/x-git-receive-pack-advertisement" /><!-- duration: 0ms -->
</step><!-- duration: 250ms -->
