<step title="Executing external process" date="2016-02-11T03:34:08.539" instance="2384bc" type="process" path="kudu.exe" arguments="D:\home\site C:\Program Files (x86)\SiteExtensions\Kudu\51.50119.2041\msbuild" >
  <step title="Cleanup Xml Logs" date="2016-02-11T03:34:08.549" /><!-- duration: 31ms -->
  <step title="DeploymentManager.Deploy(id)" date="2016-02-11T03:34:08.768" >
    <step title="Collecting changeset information" date="2016-02-11T03:34:08.784" /><!-- duration: 94ms -->
    <step title="Updating to specific changeset" date="2016-02-11T03:34:08.909" /><!-- duration: 3673ms -->
    <step title="Updating submodules" date="2016-02-11T03:34:12.598" /><!-- duration: 76ms -->
    <step title="Determining deployment builder" date="2016-02-11T03:34:12.816" >
      <step title="Builder is NodeSiteBuilder" date="2016-02-11T03:34:16.203" /><!-- duration: 0ms -->
    </step><!-- duration: 3407ms -->
    <step title="Copying SSH keys" date="2016-02-11T03:34:16.250" /><!-- duration: 16ms -->
    <step title="Building" date="2016-02-11T03:34:16.266" >
      <step title="Generating deployment script" date="2016-02-11T03:34:16.313" >
        <step title="Using cached version of the deployment script for command: -y --no-dot-deployment -r &quot;D:\home\site\repository&quot; -o &quot;D:\home\site\deployments\tools&quot; --node --sitePath &quot;D:\home\site\repository&quot;" date="2016-02-11T03:34:16.362" /><!-- duration: 0ms -->
      </step><!-- duration: 80ms -->
      <step title="Executing external process" date="2016-02-11T03:34:16.518" type="process" path="starter.cmd" arguments="&quot;D:\home\site\deployments\tools\deploy.cmd&quot;" /><!-- duration: 27155ms -->
      <step title="Purge deployment items" date="2016-02-11T03:34:44.614" >
        <step title="Remove 9f7b3d92d, Success, received at 1/20/2016 4:13:07 PM" date="2016-02-11T03:34:44.769" /><!-- duration: 0ms -->
      </step><!-- duration: 156ms -->
    </step><!-- duration: 28519ms -->
  </step><!-- duration: 36033ms -->
  <step title="Cleaning up temp files" date="2016-02-11T03:34:44.801" /><!-- duration: 0ms -->
  <step title="WebHooksManager.PublishEventAsync: PostDeployment" date="2016-02-11T03:34:44.816" /><!-- duration: 349ms -->
</step><!-- duration: 36768ms -->
