<step title="Incoming Request" date="2016-02-16T21:19:03.824" instance="2384bc" url="/codecampmobile.git/git-receive-pack" method="POST" type="request" pid="5288,2,8" Connection="Keep-Alive" Content-Length="5376" Content-Type="application/x-git-receive-pack-request" Accept="application/x-git-receive-pack-result" Accept-Encoding="gzip" Host="codecampmobile.scm.azurewebsites.net" User-Agent="git/2.7.1" X-SITE-DEPLOYMENT-ID="codeCampMobile" >
  <step title="RpcService.ReceivePack" date="2016-02-16T21:19:03.861" >
    <step title="Assuming git repository at D:\home\site\repository" date="2016-02-16T21:19:03.871" /><!-- duration: 0ms -->
    <step title="Assuming git repository at D:\home\site\repository" date="2016-02-16T21:19:03.926" /><!-- duration: 16ms -->
    <step title="Creating temporary deployment" date="2016-02-16T21:19:13.374" /><!-- duration: 141ms -->
    <step title="GitExeServer.Receive" date="2016-02-16T21:19:13.531" >
      <step title="Executing external process" date="2016-02-16T21:19:13.546" type="process" path="git.exe" arguments="receive-pack --stateless-rpc &quot;D:\home\site\repository&quot;" /><!-- duration: 83008ms -->
    </step><!-- duration: 83040ms -->
  </step><!-- duration: 92803ms -->
  <step title="Outgoing response" date="2016-02-16T21:20:36.664" type="response" statusCode="200" statusText="OK" Server="Microsoft-IIS/8.0" Expires="Fri, 01 Jan 1980 00:00:00 GMT" Pragma="no-cache" Cache-Control="no-cache, max-age=0, must-revalidate" X-AspNet-Version="4.0.30319" Content-Type="application/x-git-receive-pack-result" /><!-- duration: 16ms -->
</step><!-- duration: 92871ms -->
