<step title="Executing external process" date="2016-01-11T22:29:36.689" instance="922b3b" type="process" path="kudu.exe" arguments="D:\home\site C:\Program Files (x86)\SiteExtensions\Kudu\51.50108.2013\msbuild" >
  <step title="Cleanup Xml Logs" date="2016-01-11T22:29:36.723" /><!-- duration: 12ms -->
  <step title="DeploymentManager.Deploy(id)" date="2016-01-11T22:29:36.897" >
    <step title="Collecting changeset information" date="2016-01-11T22:29:36.908" /><!-- duration: 94ms -->
    <step title="Updating to specific changeset" date="2016-01-11T22:29:37.017" /><!-- duration: 3376ms -->
    <step title="Updating submodules" date="2016-01-11T22:29:40.414" /><!-- duration: 42ms -->
    <step title="Determining deployment builder" date="2016-01-11T22:29:40.534" >
      <step title="Builder is NodeSiteBuilder" date="2016-01-11T22:29:43.606" /><!-- duration: 32ms -->
    </step><!-- duration: 3104ms -->
    <step title="Copying SSH keys" date="2016-01-11T22:29:43.715" /><!-- duration: 0ms -->
    <step title="Building" date="2016-01-11T22:29:43.731" >
      <step title="Generating deployment script" date="2016-01-11T22:29:43.790" >
        <step title="Using cached version of the deployment script for command: -y --no-dot-deployment -r &quot;D:\home\site\repository&quot; -o &quot;D:\home\site\deployments\tools&quot; --node --sitePath &quot;D:\home\site\repository&quot;" date="2016-01-11T22:29:43.852" /><!-- duration: 0ms -->
      </step><!-- duration: 78ms -->
      <step title="Executing external process" date="2016-01-11T22:29:43.949" type="process" path="starter.cmd" arguments="&quot;D:\home\site\deployments\tools\deploy.cmd&quot;" /><!-- duration: 26236ms -->
      <step title="Purge deployment items" date="2016-01-11T22:30:10.594" >
        <step title="Remove f0b8b877a, Success, received at 1/11/2016 8:12:57 PM" date="2016-01-11T22:30:10.641" /><!-- duration: 0ms -->
      </step><!-- duration: 47ms -->
    </step><!-- duration: 26926ms -->
  </step><!-- duration: 33760ms -->
  <step title="Cleaning up temp files" date="2016-01-11T22:30:10.657" /><!-- duration: 16ms -->
  <step title="WebHooksManager.PublishEventAsync: PostDeployment" date="2016-01-11T22:30:10.672" /><!-- duration: 344ms -->
</step><!-- duration: 34472ms -->
