<step title="Incoming Request" date="2016-02-11T02:56:39.417" instance="2384bc" url="/codecampmobile.git/info/refs?service=git-receive-pack" method="GET" type="request" pid="7056,2,10" Connection="Keep-Alive" Pragma="no-cache" Accept="*/*" Accept-Encoding="gzip" Host="codecampmobile.scm.azurewebsites.net" User-Agent="git/2.7.0" X-SITE-DEPLOYMENT-ID="codeCampMobile" >
  <step title="Cleanup Xml Logs" date="2016-02-11T02:56:39.432" /><!-- duration: 31ms -->
  <step title="InfoRefsService.Execute" date="2016-02-11T02:56:39.495" >
    <step title="Assuming git repository at D:\home\site\repository" date="2016-02-11T02:56:39.526" /><!-- duration: 0ms -->
    <step title="InfoRefsService.SmartInfoRefs" date="2016-02-11T02:56:39.526" >
      <step title="Assuming git repository at D:\home\site\repository" date="2016-02-11T02:56:39.542" /><!-- duration: 0ms -->
      <step title="GitExeServer.AdvertiseReceivePack" date="2016-02-11T02:56:39.557" >
        <step title="Executing external process" date="2016-02-11T02:56:39.557" type="process" path="git.exe" arguments="receive-pack --stateless-rpc --advertise-refs &quot;D:\home\site\repository&quot;" /><!-- duration: 173ms -->
      </step><!-- duration: 189ms -->
      <step title="Writing 185 bytes" date="2016-02-11T02:56:39.746" /><!-- duration: 16ms -->
    </step><!-- duration: 236ms -->
  </step><!-- duration: 267ms -->
  <step title="Outgoing response" date="2016-02-11T02:56:39.762" type="response" statusCode="200" statusText="OK" Server="Microsoft-IIS/8.0" x-ms-request-id="7e03f879-8c94-4dc5-9c10-8f6904e250f4" Pragma="no-cache" Cache-Control="must-revalidate, no-cache, max-age=0" Expires="Tue, 01 Jan 1980 00:00:00 GMT" Content-Length="185" X-AspNet-Version="4.0.30319" Content-Type="application/x-git-receive-pack-advertisement" /><!-- duration: 21ms -->
</step><!-- duration: 366ms -->
