<step title="Executing external process" date="2016-01-21T20:45:17.083" instance="a6bc3f" type="process" path="kudu.exe" arguments="D:\home\site C:\Program Files (x86)\SiteExtensions\Kudu\51.50119.2041\msbuild" >
  <step title="Cleanup Xml Logs" date="2016-01-21T20:45:17.103" /><!-- duration: 26ms -->
  <step title="DeploymentManager.Deploy(id)" date="2016-01-21T20:45:17.274" >
    <step title="Collecting changeset information" date="2016-01-21T20:45:17.286" /><!-- duration: 78ms -->
    <step title="Updating to specific changeset" date="2016-01-21T20:45:17.380" /><!-- duration: 3545ms -->
    <step title="Updating submodules" date="2016-01-21T20:45:20.925" /><!-- duration: 43ms -->
    <step title="Determining deployment builder" date="2016-01-21T20:45:21.130" >
      <step title="Builder is NodeSiteBuilder" date="2016-01-21T20:45:25.345" /><!-- duration: 1ms -->
    </step><!-- duration: 4216ms -->
    <step title="Copying SSH keys" date="2016-01-21T20:45:25.377" /><!-- duration: 0ms -->
    <step title="Building" date="2016-01-21T20:45:25.377" >
      <step title="Generating deployment script" date="2016-01-21T20:45:25.424" >
        <step title="Using cached version of the deployment script for command: -y --no-dot-deployment -r &quot;D:\home\site\repository&quot; -o &quot;D:\home\site\deployments\tools&quot; --node --sitePath &quot;D:\home\site\repository&quot;" date="2016-01-21T20:45:25.471" /><!-- duration: 0ms -->
      </step><!-- duration: 47ms -->
      <step title="Executing external process" date="2016-01-21T20:45:25.583" type="process" path="starter.cmd" arguments="&quot;D:\home\site\deployments\tools\deploy.cmd&quot;" /><!-- duration: 23374ms -->
      <step title="Purge deployment items" date="2016-01-21T20:45:49.378" >
        <step title="Remove a24f46898, Success, received at 1/20/2016 3:38:44 AM" date="2016-01-21T20:45:49.740" /><!-- duration: 0ms -->
      </step><!-- duration: 378ms -->
    </step><!-- duration: 24380ms -->
  </step><!-- duration: 32483ms -->
  <step title="Cleaning up temp files" date="2016-01-21T20:45:49.773" /><!-- duration: 0ms -->
  <step title="WebHooksManager.PublishEventAsync: PostDeployment" date="2016-01-21T20:45:49.792" /><!-- duration: 1535ms -->
</step><!-- duration: 34400ms -->
