<step title="Incoming Request" date="2016-02-11T18:25:18.581" instance="2384bc" url="/codecampmobile.git/git-receive-pack" method="POST" type="request" pid="3040,2,9" Connection="Keep-Alive" Content-Length="863" Content-Type="application/x-git-receive-pack-request" Accept="application/x-git-receive-pack-result" Accept-Encoding="gzip" Host="codecampmobile.scm.azurewebsites.net" User-Agent="git/2.7.0" X-SITE-DEPLOYMENT-ID="codeCampMobile" >
  <step title="RpcService.ReceivePack" date="2016-02-11T18:25:18.609" >
    <step title="Assuming git repository at D:\home\site\repository" date="2016-02-11T18:25:18.622" /><!-- duration: 0ms -->
    <step title="Assuming git repository at D:\home\site\repository" date="2016-02-11T18:25:18.889" /><!-- duration: 16ms -->
    <step title="Creating temporary deployment" date="2016-02-11T18:25:20.270" /><!-- duration: 80ms -->
    <step title="GitExeServer.Receive" date="2016-02-11T18:25:20.350" >
      <step title="Executing external process" date="2016-02-11T18:25:20.364" type="process" path="git.exe" arguments="receive-pack --stateless-rpc &quot;D:\home\site\repository&quot;" /><!-- duration: 46593ms -->
    </step><!-- duration: 46607ms -->
  </step><!-- duration: 48474ms -->
  <step title="Outgoing response" date="2016-02-11T18:26:07.098" type="response" statusCode="200" statusText="OK" Server="Microsoft-IIS/8.0" Expires="Fri, 01 Jan 1980 00:00:00 GMT" Pragma="no-cache" Cache-Control="no-cache, max-age=0, must-revalidate" X-AspNet-Version="4.0.30319" Content-Type="application/x-git-receive-pack-result" /><!-- duration: 0ms -->
</step><!-- duration: 48533ms -->
