<step title="Incoming Request" date="2016-02-16T21:43:06.830" instance="2384bc" url="/codecampmobile.git/git-receive-pack" method="POST" type="request" pid="10304,2,9" Connection="Keep-Alive" Content-Length="145506" Content-Type="application/x-git-receive-pack-request" Accept="application/x-git-receive-pack-result" Accept-Encoding="gzip" Host="codecampmobile.scm.azurewebsites.net" User-Agent="git/2.7.1" X-SITE-DEPLOYMENT-ID="codeCampMobile" >
  <step title="RpcService.ReceivePack" date="2016-02-16T21:43:08.053" >
    <step title="Assuming git repository at D:\home\site\repository" date="2016-02-16T21:43:08.055" /><!-- duration: 0ms -->
    <step title="Assuming git repository at D:\home\site\repository" date="2016-02-16T21:43:08.103" /><!-- duration: 0ms -->
    <step title="Creating temporary deployment" date="2016-02-16T21:43:09.827" /><!-- duration: 125ms -->
    <step title="GitExeServer.Receive" date="2016-02-16T21:43:09.967" >
      <step title="Executing external process" date="2016-02-16T21:43:09.967" type="process" path="git.exe" arguments="receive-pack --stateless-rpc &quot;D:\home\site\repository&quot;" /><!-- duration: 43509ms -->
    </step><!-- duration: 43525ms -->
  </step><!-- duration: 45522ms -->
  <step title="Outgoing response" date="2016-02-16T21:43:53.592" type="response" statusCode="200" statusText="OK" Server="Microsoft-IIS/8.0" Expires="Fri, 01 Jan 1980 00:00:00 GMT" Pragma="no-cache" Cache-Control="no-cache, max-age=0, must-revalidate" X-AspNet-Version="4.0.30319" Content-Type="application/x-git-receive-pack-result" /><!-- duration: 0ms -->
</step><!-- duration: 46761ms -->
