<step title="Incoming Request" date="2016-01-20T03:51:33.504" instance="a6bc3f" url="/codecampmobile.git/info/refs?service=git-receive-pack" method="GET" type="request" pid="4340,2,26" Connection="Keep-Alive" Pragma="no-cache" Accept="*/*" Accept-Encoding="gzip" Host="codecampmobile.scm.azurewebsites.net" User-Agent="git/2.7.0" X-SITE-DEPLOYMENT-ID="codeCampMobile" >
  <step title="Cleanup Xml Logs" date="2016-01-20T03:51:33.526" /><!-- duration: 13ms -->
  <step title="InfoRefsService.Execute" date="2016-01-20T03:51:33.552" >
    <step title="Assuming git repository at D:\home\site\repository" date="2016-01-20T03:51:33.588" /><!-- duration: 1ms -->
    <step title="InfoRefsService.SmartInfoRefs" date="2016-01-20T03:51:33.589" >
      <step title="Assuming git repository at D:\home\site\repository" date="2016-01-20T03:51:33.589" /><!-- duration: 16ms -->
      <step title="GitExeServer.AdvertiseReceivePack" date="2016-01-20T03:51:33.605" >
        <step title="Executing external process" date="2016-01-20T03:51:33.605" type="process" path="git.exe" arguments="receive-pack --stateless-rpc --advertise-refs &quot;D:\home\site\repository&quot;" /><!-- duration: 109ms -->
      </step><!-- duration: 125ms -->
      <step title="Writing 185 bytes" date="2016-01-20T03:51:33.730" /><!-- duration: 0ms -->
    </step><!-- duration: 156ms -->
  </step><!-- duration: 193ms -->
  <step title="Outgoing response" date="2016-01-20T03:51:33.745" type="response" statusCode="200" statusText="OK" Server="Microsoft-IIS/8.0" x-ms-request-id="39aef445-9880-4afe-8731-7b1e84ef0728" Pragma="no-cache" Cache-Control="must-revalidate, no-cache, max-age=0" Expires="Tue, 01 Jan 1980 00:00:00 GMT" Content-Length="185" X-AspNet-Version="4.0.30319" Content-Type="application/x-git-receive-pack-advertisement" /><!-- duration: 0ms -->
</step><!-- duration: 241ms -->
