<step title="Incoming Request" date="2016-01-11T23:06:20.292" instance="922b3b" url="/codeCampMobile.git/info/refs?service=git-upload-pack" method="GET" type="request" pid="2604,2,6" Connection="Keep-Alive" Pragma="no-cache" Accept="*/*" Accept-Encoding="gzip" Accept-Language="en-US, *;q=0.9" Host="codecampmobile.scm.azurewebsites.net" User-Agent="git/2.6.1.windows.1" X-SITE-DEPLOYMENT-ID="codeCampMobile" >
  <step title="InfoRefsService.Execute" date="2016-01-11T23:06:20.747" >
    <step title="Assuming git repository at D:\home\site\repository" date="2016-01-11T23:06:20.963" /><!-- duration: 51ms -->
    <step title="InfoRefsService.SmartInfoRefs" date="2016-01-11T23:06:21.043" >
      <step title="Assuming git repository at D:\home\site\repository" date="2016-01-11T23:06:21.164" /><!-- duration: 47ms -->
      <step title="Assuming git repository at D:\home\site\repository" date="2016-01-11T23:06:22.661" /><!-- duration: 0ms -->
      <step title="Assuming git repository at D:\home\site\repository" date="2016-01-11T23:06:22.692" /><!-- duration: 0ms -->
      <step title="GitExeServer.AdvertiseUploadPack" date="2016-01-11T23:06:22.712" >
        <step title="Executing external process" date="2016-01-11T23:06:22.725" type="process" path="git.exe" arguments="upload-pack --stateless-rpc --advertise-refs &quot;D:\home\site\repository&quot;" /><!-- duration: 139ms -->
      </step><!-- duration: 167ms -->
      <step title="Writing 290 bytes" date="2016-01-11T23:06:22.879" /><!-- duration: 0ms -->
    </step><!-- duration: 1837ms -->
  </step><!-- duration: 2148ms -->
  <step title="Outgoing response" date="2016-01-11T23:06:22.930" type="response" statusCode="200" statusText="OK" Server="Microsoft-IIS/8.0" x-ms-request-id="da66d0bf-ada2-4bc9-b40d-85a07d8bd9bc" Pragma="no-cache" Cache-Control="must-revalidate, no-cache, max-age=0" Expires="Tue, 01 Jan 1980 00:00:00 GMT" Content-Length="290" X-AspNet-Version="4.0.30319" Content-Type="application/x-git-upload-pack-advertisement" /><!-- duration: 12ms -->
</step><!-- duration: 2650ms -->
