<step title="Incoming Request" date="2016-01-11T23:10:44.451" instance="922b3b" url="/codecampmobile.git/git-receive-pack" method="POST" type="request" pid="2604,2,6" Connection="Keep-Alive" Content-Length="677" Content-Type="application/x-git-receive-pack-request" Accept="application/x-git-receive-pack-result" Accept-Encoding="gzip" Host="codecampmobile.scm.azurewebsites.net" User-Agent="git/1.8.4" X-SITE-DEPLOYMENT-ID="codeCampMobile" >
  <step title="RpcService.ReceivePack" date="2016-01-11T23:10:44.470" >
    <step title="Assuming git repository at D:\home\site\repository" date="2016-01-11T23:10:44.485" /><!-- duration: 0ms -->
    <step title="Assuming git repository at D:\home\site\repository" date="2016-01-11T23:10:44.498" /><!-- duration: 0ms -->
    <step title="Creating temporary deployment" date="2016-01-11T23:10:45.504" /><!-- duration: 157ms -->
    <step title="GitExeServer.Receive" date="2016-01-11T23:10:45.661" >
      <step title="Executing external process" date="2016-01-11T23:10:45.661" type="process" path="git.exe" arguments="receive-pack --stateless-rpc &quot;D:\home\site\repository&quot;" /><!-- duration: 39104ms -->
    </step><!-- duration: 39104ms -->
  </step><!-- duration: 40373ms -->
  <step title="Outgoing response" date="2016-01-11T23:11:24.843" type="response" statusCode="200" statusText="OK" Server="Microsoft-IIS/8.0" Expires="Fri, 01 Jan 1980 00:00:00 GMT" Pragma="no-cache" Cache-Control="no-cache, max-age=0, must-revalidate" X-AspNet-Version="4.0.30319" Content-Type="application/x-git-receive-pack-result" /><!-- duration: 0ms -->
</step><!-- duration: 40392ms -->
