<step title="Incoming Request" date="2016-01-20T21:16:40.307" instance="a6bc3f" url="/codeCampMobile.git/info/refs?service=git-upload-pack" method="GET" type="request" pid="7680,2,8" Connection="Keep-Alive" Pragma="no-cache" Accept="*/*" Accept-Encoding="gzip" Accept-Language="en-US, *;q=0.9" Host="codecampmobile.scm.azurewebsites.net" User-Agent="git/2.6.1.windows.1" X-SITE-DEPLOYMENT-ID="codeCampMobile" >
  <step title="InfoRefsService.Execute" date="2016-01-20T21:16:41.498" >
    <step title="Assuming git repository at D:\home\site\repository" date="2016-01-20T21:16:41.604" /><!-- duration: 0ms -->
    <step title="InfoRefsService.SmartInfoRefs" date="2016-01-20T21:16:41.604" >
      <step title="Assuming git repository at D:\home\site\repository" date="2016-01-20T21:16:41.651" /><!-- duration: 0ms -->
      <step title="Assuming git repository at D:\home\site\repository" date="2016-01-20T21:16:42.281" /><!-- duration: 0ms -->
      <step title="Assuming git repository at D:\home\site\repository" date="2016-01-20T21:16:42.313" /><!-- duration: 0ms -->
      <step title="GitExeServer.AdvertiseUploadPack" date="2016-01-20T21:16:42.328" >
        <step title="Executing external process" date="2016-01-20T21:16:42.328" type="process" path="git.exe" arguments="upload-pack --stateless-rpc --advertise-refs &quot;D:\home\site\repository&quot;" /><!-- duration: 407ms -->
      </step><!-- duration: 407ms -->
      <step title="Writing 290 bytes" date="2016-01-20T21:16:42.735" /><!-- duration: 15ms -->
    </step><!-- duration: 1146ms -->
  </step><!-- duration: 1252ms -->
  <step title="Outgoing response" date="2016-01-20T21:16:42.802" type="response" statusCode="200" statusText="OK" Server="Microsoft-IIS/8.0" x-ms-request-id="a37a3924-b402-41da-936b-3818f8b21b5d" Pragma="no-cache" Cache-Control="must-revalidate, no-cache, max-age=0" Expires="Tue, 01 Jan 1980 00:00:00 GMT" Content-Length="290" X-AspNet-Version="4.0.30319" Content-Type="application/x-git-upload-pack-advertisement" /><!-- duration: 0ms -->
</step><!-- duration: 2505ms -->
