<step title="Incoming Request" date="2016-01-11T23:10:43.129" instance="922b3b" url="/codecampmobile.git/info/refs?service=git-receive-pack" method="GET" type="request" pid="2604,2,12" Connection="Keep-Alive" Pragma="no-cache" Accept="*/*" Accept-Encoding="gzip" Host="codecampmobile.scm.azurewebsites.net" User-Agent="git/1.8.4" X-SITE-DEPLOYMENT-ID="codeCampMobile" >
  <step title="Cleanup Xml Logs" date="2016-01-11T23:10:43.129" /><!-- duration: 31ms -->
  <step title="InfoRefsService.Execute" date="2016-01-11T23:10:43.160" >
    <step title="Assuming git repository at D:\home\site\repository" date="2016-01-11T23:10:43.192" /><!-- duration: 0ms -->
    <step title="InfoRefsService.SmartInfoRefs" date="2016-01-11T23:10:43.207" >
      <step title="Assuming git repository at D:\home\site\repository" date="2016-01-11T23:10:43.223" /><!-- duration: 0ms -->
      <step title="GitExeServer.AdvertiseReceivePack" date="2016-01-11T23:10:43.223" >
        <step title="Executing external process" date="2016-01-11T23:10:43.223" type="process" path="git.exe" arguments="receive-pack --stateless-rpc --advertise-refs &quot;D:\home\site\repository&quot;" /><!-- duration: 109ms -->
      </step><!-- duration: 109ms -->
      <step title="Writing 185 bytes" date="2016-01-11T23:10:43.348" /><!-- duration: 0ms -->
    </step><!-- duration: 141ms -->
  </step><!-- duration: 203ms -->
  <step title="Outgoing response" date="2016-01-11T23:10:43.363" type="response" statusCode="200" statusText="OK" Server="Microsoft-IIS/8.0" x-ms-request-id="ad26db4e-6b77-461a-8809-f0ac36282cc6" Pragma="no-cache" Cache-Control="must-revalidate, no-cache, max-age=0" Expires="Tue, 01 Jan 1980 00:00:00 GMT" Content-Length="185" X-AspNet-Version="4.0.30319" Content-Type="application/x-git-receive-pack-advertisement" /><!-- duration: 16ms -->
</step><!-- duration: 250ms -->
