<step title="Executing external process" date="2016-02-12T04:14:44.313" instance="2384bc" type="process" path="kudu.exe" arguments="D:\home\site C:\Program Files (x86)\SiteExtensions\Kudu\51.50212.2079\msbuild" >
  <step title="Cleanup Xml Logs" date="2016-02-12T04:14:44.345" >
    <step title="Cleanup Infos" date="2016-02-12T04:14:44.376" totalFiles="201" totalCleanup="41" /><!-- duration: 1293ms -->
  </step><!-- duration: 1324ms -->
  <step title="DeploymentManager.Deploy(id)" date="2016-02-12T04:14:45.829" >
    <step title="Collecting changeset information" date="2016-02-12T04:14:45.840" /><!-- duration: 109ms -->
    <step title="Updating to specific changeset" date="2016-02-12T04:14:45.965" /><!-- duration: 3291ms -->
    <step title="Updating submodules" date="2016-02-12T04:14:49.272" /><!-- duration: 62ms -->
    <step title="Determining deployment builder" date="2016-02-12T04:14:49.436" >
      <step title="Builder is NodeSiteBuilder" date="2016-02-12T04:14:53.945" /><!-- duration: 0ms -->
    </step><!-- duration: 4509ms -->
    <step title="Copying SSH keys" date="2016-02-12T04:14:54.008" /><!-- duration: 16ms -->
    <step title="Building" date="2016-02-12T04:14:54.023" >
      <step title="Generating deployment script" date="2016-02-12T04:14:54.101" >
        <step title="Executing external process" date="2016-02-12T04:14:54.200" type="process" path="starter.cmd" arguments="&quot;c:\Program Files (x86)\SiteExtensions\Kudu\51.50212.2079\bin\node_modules\.bin\kuduscript.cmd&quot; -y --no-dot-deployment -r &quot;D:\home\site\repository&quot; -o &quot;D:\home\site\deployments\tools&quot; --node --sitePath &quot;D:\home\site\repository&quot;" /><!-- duration: 917ms -->
        <step title="Saved cached version of the deployment script for command -y --no-dot-deployment -r &quot;D:\home\site\repository&quot; -o &quot;D:\home\site\deployments\tools&quot; --node --sitePath &quot;D:\home\site\repository&quot;" date="2016-02-12T04:14:55.117" /><!-- duration: 16ms -->
      </step><!-- duration: 1031ms -->
      <step title="Executing external process" date="2016-02-12T04:14:55.242" type="process" path="starter.cmd" arguments="&quot;D:\home\site\deployments\tools\deploy.cmd&quot;" /><!-- duration: 30890ms -->
      <step title="Purge deployment items" date="2016-02-12T04:15:26.749" >
        <step title="Remove 4a8751648, Success, received at 2/11/2016 3:02:54 AM" date="2016-02-12T04:15:26.827" /><!-- duration: 16ms -->
      </step><!-- duration: 109ms -->
    </step><!-- duration: 32850ms -->
  </step><!-- duration: 41044ms -->
  <step title="Cleaning up temp files" date="2016-02-12T04:15:26.889" /><!-- duration: 0ms -->
  <step title="WebHooksManager.PublishEventAsync: PostDeployment" date="2016-02-12T04:15:26.908" /><!-- duration: 344ms -->
</step><!-- duration: 44425ms -->
