<step title="Incoming Request" date="2016-02-11T18:45:43.293" instance="2384bc" url="/codecampmobile.git/git-receive-pack" method="POST" type="request" pid="3040,2,19" Connection="Keep-Alive" Content-Length="517" Content-Type="application/x-git-receive-pack-request" Accept="application/x-git-receive-pack-result" Accept-Encoding="gzip" Host="codecampmobile.scm.azurewebsites.net" User-Agent="git/2.7.0" X-SITE-DEPLOYMENT-ID="codeCampMobile" >
  <step title="RpcService.ReceivePack" date="2016-02-11T18:45:43.499" >
    <step title="Assuming git repository at D:\home\site\repository" date="2016-02-11T18:45:43.515" /><!-- duration: 0ms -->
    <step title="Assuming git repository at D:\home\site\repository" date="2016-02-11T18:45:43.531" /><!-- duration: 16ms -->
    <step title="Creating temporary deployment" date="2016-02-11T18:45:44.645" /><!-- duration: 99ms -->
    <step title="GitExeServer.Receive" date="2016-02-11T18:45:44.758" >
      <step title="Executing external process" date="2016-02-11T18:45:44.758" type="process" path="git.exe" arguments="receive-pack --stateless-rpc &quot;D:\home\site\repository&quot;" /><!-- duration: 36730ms -->
    </step><!-- duration: 36730ms -->
  </step><!-- duration: 38082ms -->
  <step title="Outgoing response" date="2016-02-11T18:46:21.597" type="response" statusCode="200" statusText="OK" Server="Microsoft-IIS/8.0" Expires="Fri, 01 Jan 1980 00:00:00 GMT" Pragma="no-cache" Cache-Control="no-cache, max-age=0, must-revalidate" X-AspNet-Version="4.0.30319" Content-Type="application/x-git-receive-pack-result" /><!-- duration: 0ms -->
</step><!-- duration: 38304ms -->
