<step title="Incoming Request" date="2016-01-20T03:38:38.218" instance="a6bc3f" url="/codecampmobile.git/info/refs?service=git-receive-pack" method="GET" type="request" pid="4340,2,24" Connection="Keep-Alive" Pragma="no-cache" Accept="*/*" Accept-Encoding="gzip" Host="codecampmobile.scm.azurewebsites.net" User-Agent="git/2.7.0" X-SITE-DEPLOYMENT-ID="codeCampMobile" >
  <step title="Cleanup Xml Logs" date="2016-01-20T03:38:38.218" /><!-- duration: 17ms -->
  <step title="InfoRefsService.Execute" date="2016-01-20T03:38:38.249" >
    <step title="Assuming git repository at D:\home\site\repository" date="2016-01-20T03:38:38.265" /><!-- duration: 16ms -->
    <step title="InfoRefsService.SmartInfoRefs" date="2016-01-20T03:38:38.280" >
      <step title="Assuming git repository at D:\home\site\repository" date="2016-01-20T03:38:38.296" /><!-- duration: 0ms -->
      <step title="GitExeServer.AdvertiseReceivePack" date="2016-01-20T03:38:38.296" >
        <step title="Executing external process" date="2016-01-20T03:38:38.311" type="process" path="git.exe" arguments="receive-pack --stateless-rpc --advertise-refs &quot;D:\home\site\repository&quot;" /><!-- duration: 94ms -->
      </step><!-- duration: 109ms -->
      <step title="Writing 185 bytes" date="2016-01-20T03:38:38.421" /><!-- duration: 0ms -->
    </step><!-- duration: 141ms -->
  </step><!-- duration: 172ms -->
  <step title="Outgoing response" date="2016-01-20T03:38:38.421" type="response" statusCode="200" statusText="OK" Server="Microsoft-IIS/8.0" x-ms-request-id="15e1399f-0131-42eb-a320-3ffe23e3dd96" Pragma="no-cache" Cache-Control="must-revalidate, no-cache, max-age=0" Expires="Tue, 01 Jan 1980 00:00:00 GMT" Content-Length="185" X-AspNet-Version="4.0.30319" Content-Type="application/x-git-receive-pack-advertisement" /><!-- duration: 0ms -->
</step><!-- duration: 219ms -->
