<step title="Executing external process" date="2016-02-11T02:56:44.154" instance="2384bc" type="process" path="kudu.exe" arguments="D:\home\site C:\Program Files (x86)\SiteExtensions\Kudu\51.50119.2041\msbuild" >
  <step title="Cleanup Xml Logs" date="2016-02-11T02:56:44.885" >
    <step title="Cleanup Infos" date="2016-02-11T02:56:44.906" totalFiles="200" totalCleanup="40" /><!-- duration: 1453ms -->
  </step><!-- duration: 1474ms -->
  <step title="DeploymentManager.Deploy(id)" date="2016-02-11T02:56:46.535" >
    <step title="Collecting changeset information" date="2016-02-11T02:56:46.546" /><!-- duration: 94ms -->
    <step title="Updating to specific changeset" date="2016-02-11T02:56:46.655" /><!-- duration: 17568ms -->
    <step title="Updating submodules" date="2016-02-11T02:57:04.244" /><!-- duration: 59ms -->
    <step title="Determining deployment builder" date="2016-02-11T02:57:04.444" >
      <step title="Builder is NodeSiteBuilder" date="2016-02-11T02:57:08.233" /><!-- duration: 0ms -->
    </step><!-- duration: 3801ms -->
    <step title="Copying SSH keys" date="2016-02-11T02:57:08.323" /><!-- duration: 16ms -->
    <step title="Building" date="2016-02-11T02:57:08.339" >
      <step title="Generating deployment script" date="2016-02-11T02:57:08.442" >
        <step title="Using cached version of the deployment script for command: -y --no-dot-deployment -r &quot;D:\home\site\repository&quot; -o &quot;D:\home\site\deployments\tools&quot; --node --sitePath &quot;D:\home\site\repository&quot;" date="2016-02-11T02:57:08.955" /><!-- duration: 0ms -->
      </step><!-- duration: 529ms -->
      <step title="Executing external process" date="2016-02-11T02:57:09.065" type="process" path="starter.cmd" arguments="&quot;D:\home\site\deployments\tools\deploy.cmd&quot;" /><!-- duration: 54938ms -->
      <step title="Purge deployment items" date="2016-02-11T02:58:05.092" >
        <step title="Remove d2c1bc415, Success, received at 1/20/2016 3:44:16 AM" date="2016-02-11T02:58:05.327" /><!-- duration: 0ms -->
      </step><!-- duration: 235ms -->
    </step><!-- duration: 57020ms -->
  </step><!-- duration: 78824ms -->
  <step title="Cleaning up temp files" date="2016-02-11T02:58:05.359" /><!-- duration: 0ms -->
  <step title="WebHooksManager.PublishEventAsync: PostDeployment" date="2016-02-11T02:58:05.393" /><!-- duration: 404ms -->
</step><!-- duration: 81835ms -->
