<step title="Incoming Request" date="2016-02-17T03:39:39.651" instance="2384bc" url="/codeCampMobile.git/info/refs?service=git-upload-pack" method="GET" type="request" pid="2168,2,6" Connection="Keep-Alive" Pragma="no-cache" Accept="*/*" Accept-Encoding="gzip" Host="codecampmobile.scm.azurewebsites.net" User-Agent="git/1.9.5.msysgit.0" X-SITE-DEPLOYMENT-ID="codeCampMobile" >
  <step title="InfoRefsService.Execute" date="2016-02-17T03:39:40.072" >
    <step title="Assuming git repository at D:\home\site\repository" date="2016-02-17T03:39:40.151" /><!-- duration: 0ms -->
    <step title="InfoRefsService.SmartInfoRefs" date="2016-02-17T03:39:40.166" >
      <step title="Assuming git repository at D:\home\site\repository" date="2016-02-17T03:39:40.188" /><!-- duration: 12ms -->
      <step title="Assuming git repository at D:\home\site\repository" date="2016-02-17T03:39:41.281" /><!-- duration: 0ms -->
      <step title="Assuming git repository at D:\home\site\repository" date="2016-02-17T03:39:41.309" /><!-- duration: 16ms -->
      <step title="GitExeServer.AdvertiseUploadPack" date="2016-02-17T03:39:41.325" >
        <step title="Executing external process" date="2016-02-17T03:39:41.344" type="process" path="git.exe" arguments="upload-pack --stateless-rpc --advertise-refs &quot;D:\home\site\repository&quot;" /><!-- duration: 282ms -->
      </step><!-- duration: 312ms -->
      <step title="Writing 290 bytes" date="2016-02-17T03:39:41.653" /><!-- duration: 0ms -->
    </step><!-- duration: 1487ms -->
  </step><!-- duration: 1596ms -->
  <step title="Outgoing response" date="2016-02-17T03:39:41.715" type="response" statusCode="200" statusText="OK" Server="Microsoft-IIS/8.0" x-ms-request-id="36a20eb0-fc4c-4d09-b369-a8db88c3b445" Pragma="no-cache" Cache-Control="must-revalidate, no-cache, max-age=0" Expires="Tue, 01 Jan 1980 00:00:00 GMT" Content-Length="290" X-AspNet-Version="4.0.30319" Content-Type="application/x-git-upload-pack-advertisement" /><!-- duration: 16ms -->
</step><!-- duration: 2081ms -->
