<step title="Executing external process" date="2016-01-11T22:35:18.630" instance="922b3b" type="process" path="kudu.exe" arguments="D:\home\site C:\Program Files (x86)\SiteExtensions\Kudu\51.50108.2013\msbuild" >
  <step title="Cleanup Xml Logs" date="2016-01-11T22:35:18.648" /><!-- duration: 60ms -->
  <step title="DeploymentManager.Deploy(id)" date="2016-01-11T22:35:18.896" >
    <step title="Collecting changeset information" date="2016-01-11T22:35:18.926" /><!-- duration: 203ms -->
    <step title="Updating to specific changeset" date="2016-01-11T22:35:19.145" /><!-- duration: 2552ms -->
    <step title="Updating submodules" date="2016-01-11T22:35:21.711" /><!-- duration: 46ms -->
    <step title="Determining deployment builder" date="2016-01-11T22:35:21.934" >
      <step title="Builder is NodeSiteBuilder" date="2016-01-11T22:35:25.687" /><!-- duration: 0ms -->
    </step><!-- duration: 3753ms -->
    <step title="Copying SSH keys" date="2016-01-11T22:35:25.718" /><!-- duration: 16ms -->
    <step title="Building" date="2016-01-11T22:35:25.734" >
      <step title="Generating deployment script" date="2016-01-11T22:35:25.768" >
        <step title="Using cached version of the deployment script for command: -y --no-dot-deployment -r &quot;D:\home\site\repository&quot; -o &quot;D:\home\site\deployments\tools&quot; --node --sitePath &quot;D:\home\site\repository&quot;" date="2016-01-11T22:35:25.813" /><!-- duration: 0ms -->
      </step><!-- duration: 61ms -->
      <step title="Executing external process" date="2016-01-11T22:35:25.909" type="process" path="starter.cmd" arguments="&quot;D:\home\site\deployments\tools\deploy.cmd&quot;" /><!-- duration: 24334ms -->
      <step title="Purge deployment items" date="2016-01-11T22:35:50.887" >
        <step title="Remove 96a9e6285, Success, received at 1/11/2016 8:14:56 PM" date="2016-01-11T22:35:50.965" /><!-- duration: 0ms -->
      </step><!-- duration: 78ms -->
    </step><!-- duration: 25266ms -->
  </step><!-- duration: 32104ms -->
  <step title="Cleaning up temp files" date="2016-01-11T22:35:51.000" /><!-- duration: 16ms -->
  <step title="WebHooksManager.PublishEventAsync: PostDeployment" date="2016-01-11T22:35:51.031" /><!-- duration: 325ms -->
</step><!-- duration: 32862ms -->
