<step title="Incoming Request" date="2016-02-12T04:14:40.945" instance="2384bc" url="/codecampmobile.git/git-receive-pack" method="POST" type="request" pid="5140,4,9" Connection="Keep-Alive" Content-Length="476" Content-Type="application/x-git-receive-pack-request" Accept="application/x-git-receive-pack-result" Accept-Encoding="gzip" Host="codecampmobile.scm.azurewebsites.net" User-Agent="git/2.7.0" X-SITE-DEPLOYMENT-ID="codeCampMobile" >
  <step title="RpcService.ReceivePack" date="2016-02-12T04:14:41.101" >
    <step title="Assuming git repository at D:\home\site\repository" date="2016-02-12T04:14:41.150" /><!-- duration: 13ms -->
    <step title="Assuming git repository at D:\home\site\repository" date="2016-02-12T04:14:41.195" /><!-- duration: 0ms -->
    <step title="Creating temporary deployment" date="2016-02-12T04:14:42.573" /><!-- duration: 76ms -->
    <step title="GitExeServer.Receive" date="2016-02-12T04:14:42.664" >
      <step title="Executing external process" date="2016-02-12T04:14:42.664" type="process" path="git.exe" arguments="receive-pack --stateless-rpc &quot;D:\home\site\repository&quot;" /><!-- duration: 46840ms -->
    </step><!-- duration: 46853ms -->
  </step><!-- duration: 48528ms -->
  <step title="Outgoing response" date="2016-02-12T04:15:29.629" type="response" statusCode="200" statusText="OK" Server="Microsoft-IIS/8.0" Expires="Fri, 01 Jan 1980 00:00:00 GMT" Pragma="no-cache" Cache-Control="no-cache, max-age=0, must-revalidate" X-AspNet-Version="4.0.30319" Content-Type="application/x-git-receive-pack-result" /><!-- duration: 16ms -->
</step><!-- duration: 48700ms -->
