<step title="Incoming Request" date="2016-01-20T03:45:26.966" instance="a6bc3f" url="/codecampmobile.git/info/refs?service=git-receive-pack" method="GET" type="request" pid="4340,2,26" Connection="Keep-Alive" Pragma="no-cache" Accept="*/*" Accept-Encoding="gzip" Host="codecampmobile.scm.azurewebsites.net" User-Agent="git/2.7.0" X-SITE-DEPLOYMENT-ID="codeCampMobile" >
  <step title="Cleanup Xml Logs" date="2016-01-20T03:45:26.970" /><!-- duration: 20ms -->
  <step title="InfoRefsService.Execute" date="2016-01-20T03:45:27.002" >
    <step title="Assuming git repository at D:\home\site\repository" date="2016-01-20T03:45:27.017" /><!-- duration: 0ms -->
    <step title="InfoRefsService.SmartInfoRefs" date="2016-01-20T03:45:27.017" >
      <step title="Assuming git repository at D:\home\site\repository" date="2016-01-20T03:45:27.033" /><!-- duration: 0ms -->
      <step title="GitExeServer.AdvertiseReceivePack" date="2016-01-20T03:45:27.048" >
        <step title="Executing external process" date="2016-01-20T03:45:27.048" type="process" path="git.exe" arguments="receive-pack --stateless-rpc --advertise-refs &quot;D:\home\site\repository&quot;" /><!-- duration: 78ms -->
      </step><!-- duration: 78ms -->
      <step title="Writing 185 bytes" date="2016-01-20T03:45:27.126" /><!-- duration: 0ms -->
    </step><!-- duration: 109ms -->
  </step><!-- duration: 140ms -->
  <step title="Outgoing response" date="2016-01-20T03:45:27.142" type="response" statusCode="200" statusText="OK" Server="Microsoft-IIS/8.0" x-ms-request-id="277967d3-b95d-4440-981a-437e740efb9a" Pragma="no-cache" Cache-Control="must-revalidate, no-cache, max-age=0" Expires="Tue, 01 Jan 1980 00:00:00 GMT" Content-Length="185" X-AspNet-Version="4.0.30319" Content-Type="application/x-git-receive-pack-advertisement" /><!-- duration: 0ms -->
</step><!-- duration: 176ms -->
