<step title="Incoming Request" date="2016-01-20T04:04:41.635" instance="a6bc3f" url="/command" method="POST" type="request" pid="4340,2,31" Connection="Keep-Alive" Content-Length="75" Content-Type="application/json" Expect="100-continue" Host="codecampmobile.scm.azurewebsites.net" X-SITE-DEPLOYMENT-ID="codeCampMobile" >
  <step title="Executing node . &amp; echo. &amp; cd" date="2016-01-20T04:04:41.667" CWD="D:\home\site\wwwroot" >
    <step title="Cpu: node(7144,1.828s)+cmd(6348,0.063s)=total(1.891s)" date="2016-01-20T04:05:47.336" /><!-- duration: 19ms -->
    <step title="starter.cmd: no io activity for 60s, prev-cpu=-1.000s, current-cpu=1.891s" date="2016-01-20T04:05:47.355" /><!-- duration: 0ms -->
    <step title="Cpu: node(7144,1.828s)+cmd(6348,0.063s)=total(1.891s)" date="2016-01-20T04:06:47.816" /><!-- duration: 0ms -->
    <step title="starter.cmd: no io activity for 121s, prev-cpu=1.891s, current-cpu=1.891s" date="2016-01-20T04:06:47.831" /><!-- duration: 0ms -->
    <step title="Abort Process &apos;node(7144)&apos;." date="2016-01-20T04:06:47.847" /><!-- duration: 31ms -->
    <step title="Error occurred" date="2016-01-20T04:06:47.896" type="error" text="Command &apos;starter.cmd node . &amp; echo.  ...&apos; was aborted due to no output nor CPU activity for 60 seconds. You can increase the SCM_COMMAND_IDLE_TIMEOUT app setting (or WEBJOBS_IDLE_TIMEOUT if this is a WebJob) if needed.
starter.cmd node . &amp; echo. &amp; cd" stackTrace="   at Kudu.Core.Infrastructure.IdleManager.WaitForExit(IProcess process)
   at Kudu.Core.Commands.CommandExecutor.ExecuteCommand(String command, String workingDirectory)
   at Kudu.Services.Commands.CommandController.ExecuteCommand(JObject input)" /><!-- duration: 14ms -->
  </step><!-- duration: 126243ms -->
  <step title="Outgoing response" date="2016-01-20T04:06:47.910" type="response" statusCode="200" statusText="OK" Server="Microsoft-IIS/8.0" x-ms-request-id="8a0cbbfb-a0a2-45bc-93b2-64fa693f1710" Cache-Control="private" X-AspNet-Version="4.0.30319" Content-Type="application/json; charset=utf-8" /><!-- duration: 0ms -->
</step><!-- duration: 126290ms -->
