<step title="Incoming Request" date="2016-02-11T03:34:03.236" instance="2384bc" url="/codecampmobile.git/info/refs?service=git-receive-pack" method="GET" type="request" pid="7056,2,17" Connection="Keep-Alive" Pragma="no-cache" Accept="*/*" Accept-Encoding="gzip" Host="codecampmobile.scm.azurewebsites.net" User-Agent="git/2.7.0" X-SITE-DEPLOYMENT-ID="codeCampMobile" >
  <step title="Cleanup Xml Logs" date="2016-02-11T03:34:03.252" /><!-- duration: 16ms -->
  <step title="InfoRefsService.Execute" date="2016-02-11T03:34:03.285" >
    <step title="Assuming git repository at D:\home\site\repository" date="2016-02-11T03:34:03.314" /><!-- duration: 16ms -->
    <step title="InfoRefsService.SmartInfoRefs" date="2016-02-11T03:34:03.330" >
      <step title="Assuming git repository at D:\home\site\repository" date="2016-02-11T03:34:03.345" /><!-- duration: 0ms -->
      <step title="GitExeServer.AdvertiseReceivePack" date="2016-02-11T03:34:03.361" >
        <step title="Executing external process" date="2016-02-11T03:34:03.361" type="process" path="git.exe" arguments="receive-pack --stateless-rpc --advertise-refs &quot;D:\home\site\repository&quot;" /><!-- duration: 188ms -->
      </step><!-- duration: 188ms -->
      <step title="Writing 185 bytes" date="2016-02-11T03:34:03.564" /><!-- duration: 0ms -->
    </step><!-- duration: 234ms -->
  </step><!-- duration: 279ms -->
  <step title="Outgoing response" date="2016-02-11T03:34:03.580" type="response" statusCode="200" statusText="OK" Server="Microsoft-IIS/8.0" x-ms-request-id="adefc55e-a2bc-4d5c-8168-22b1de54995c" Pragma="no-cache" Cache-Control="must-revalidate, no-cache, max-age=0" Expires="Tue, 01 Jan 1980 00:00:00 GMT" Content-Length="185" X-AspNet-Version="4.0.30319" Content-Type="application/x-git-receive-pack-advertisement" /><!-- duration: 0ms -->
</step><!-- duration: 344ms -->
