<step title="Incoming Request" date="2016-02-11T03:00:25.220" instance="2384bc" url="/codecampmobile.git/git-receive-pack" method="POST" type="request" pid="7056,2,6" Connection="Keep-Alive" Content-Length="465" Content-Type="application/x-git-receive-pack-request" Accept="application/x-git-receive-pack-result" Accept-Encoding="gzip" Host="codecampmobile.scm.azurewebsites.net" User-Agent="git/2.7.0" X-SITE-DEPLOYMENT-ID="codeCampMobile" >
  <step title="RpcService.ReceivePack" date="2016-02-11T03:00:25.235" >
    <step title="Assuming git repository at D:\home\site\repository" date="2016-02-11T03:00:25.251" /><!-- duration: 16ms -->
    <step title="Assuming git repository at D:\home\site\repository" date="2016-02-11T03:00:25.282" /><!-- duration: 0ms -->
    <step title="Creating temporary deployment" date="2016-02-11T03:00:26.894" /><!-- duration: 77ms -->
    <step title="GitExeServer.Receive" date="2016-02-11T03:00:26.971" >
      <step title="Executing external process" date="2016-02-11T03:00:26.971" type="process" path="git.exe" arguments="receive-pack --stateless-rpc &quot;D:\home\site\repository&quot;" /><!-- duration: 39926ms -->
    </step><!-- duration: 39942ms -->
  </step><!-- duration: 41756ms -->
  <step title="Outgoing response" date="2016-02-11T03:01:06.991" type="response" statusCode="200" statusText="OK" Server="Microsoft-IIS/8.0" Expires="Fri, 01 Jan 1980 00:00:00 GMT" Pragma="no-cache" Cache-Control="no-cache, max-age=0, must-revalidate" X-AspNet-Version="4.0.30319" Content-Type="application/x-git-receive-pack-result" /><!-- duration: 16ms -->
</step><!-- duration: 41787ms -->
