<step title="Incoming Request" date="2016-01-20T16:16:58.378" instance="a6bc3f" url="/command" method="POST" type="request" pid="5212,2,14" Connection="Keep-Alive" Content-Length="75" Content-Type="application/json" Expect="100-continue" Host="codecampmobile.scm.azurewebsites.net" X-SITE-DEPLOYMENT-ID="codeCampMobile" >
  <step title="Cleanup Xml Logs" date="2016-01-20T16:16:58.378" /><!-- duration: 0ms -->
  <step title="Executing node . &amp; echo. &amp; cd" date="2016-01-20T16:16:58.410" CWD="D:\home\site\wwwroot" >
    <step title="Cpu: node(2876,1.797s)+cmd(7100,0.078s)=total(1.875s)" date="2016-01-20T16:18:04.169" /><!-- duration: 0ms -->
    <step title="starter.cmd: no io activity for 61s, prev-cpu=-1.000s, current-cpu=1.875s" date="2016-01-20T16:18:04.169" /><!-- duration: 0ms -->
    <step title="Cpu: node(2876,1.797s)+cmd(7100,0.078s)=total(1.875s)" date="2016-01-20T16:19:04.819" /><!-- duration: 0ms -->
    <step title="starter.cmd: no io activity for 122s, prev-cpu=1.875s, current-cpu=1.875s" date="2016-01-20T16:19:04.834" /><!-- duration: 0ms -->
    <step title="Abort Process &apos;node(2876)&apos;." date="2016-01-20T16:19:04.850" /><!-- duration: 18ms -->
    <step title="Error occurred" date="2016-01-20T16:19:04.881" type="error" text="Command &apos;starter.cmd node . &amp; echo.  ...&apos; was aborted due to no output nor CPU activity for 61 seconds. You can increase the SCM_COMMAND_IDLE_TIMEOUT app setting (or WEBJOBS_IDLE_TIMEOUT if this is a WebJob) if needed.
starter.cmd node . &amp; echo. &amp; cd" stackTrace="   at Kudu.Core.Infrastructure.IdleManager.WaitForExit(IProcess process)
   at Kudu.Core.Commands.CommandExecutor.ExecuteCommand(String command, String workingDirectory)
   at Kudu.Services.Commands.CommandController.ExecuteCommand(JObject input)" /><!-- duration: 0ms -->
  </step><!-- duration: 126492ms -->
  <step title="Outgoing response" date="2016-01-20T16:19:04.902" type="response" statusCode="200" statusText="OK" Server="Microsoft-IIS/8.0" x-ms-request-id="b44d9849-48e5-4566-971b-e4ccb0dc88a9" Cache-Control="private" X-AspNet-Version="4.0.30319" Content-Type="application/json; charset=utf-8" /><!-- duration: 11ms -->
</step><!-- duration: 126535ms -->
