<step title="Executing external process" date="2016-02-11T03:20:23.102" instance="2384bc" type="process" path="kudu.exe" arguments="D:\home\site C:\Program Files (x86)\SiteExtensions\Kudu\51.50119.2041\msbuild" >
  <step title="Cleanup Xml Logs" date="2016-02-11T03:20:23.117" /><!-- duration: 16ms -->
  <step title="DeploymentManager.Deploy(id)" date="2016-02-11T03:20:23.258" >
    <step title="Collecting changeset information" date="2016-02-11T03:20:23.273" /><!-- duration: 63ms -->
    <step title="Updating to specific changeset" date="2016-02-11T03:20:23.352" /><!-- duration: 3539ms -->
    <step title="Updating submodules" date="2016-02-11T03:20:26.890" /><!-- duration: 651ms -->
    <step title="Determining deployment builder" date="2016-02-11T03:20:28.464" >
      <step title="Builder is NodeSiteBuilder" date="2016-02-11T03:20:33.221" /><!-- duration: 0ms -->
    </step><!-- duration: 4757ms -->
    <step title="Copying SSH keys" date="2016-02-11T03:20:33.283" /><!-- duration: 16ms -->
    <step title="Building" date="2016-02-11T03:20:33.299" >
      <step title="Generating deployment script" date="2016-02-11T03:20:33.427" >
        <step title="Using cached version of the deployment script for command: -y --no-dot-deployment -r &quot;D:\home\site\repository&quot; -o &quot;D:\home\site\deployments\tools&quot; --node --sitePath &quot;D:\home\site\repository&quot;" date="2016-02-11T03:20:33.474" /><!-- duration: 16ms -->
      </step><!-- duration: 78ms -->
      <step title="Executing external process" date="2016-02-11T03:20:33.615" type="process" path="starter.cmd" arguments="&quot;D:\home\site\deployments\tools\deploy.cmd&quot;" /><!-- duration: 26766ms -->
      <step title="Purge deployment items" date="2016-02-11T03:21:00.961" >
        <step title="Remove dcd80bbfa, Success, received at 1/20/2016 4:40:38 AM" date="2016-02-11T03:21:01.117" /><!-- duration: 0ms -->
      </step><!-- duration: 156ms -->
    </step><!-- duration: 27850ms -->
  </step><!-- duration: 37890ms -->
  <step title="Cleaning up temp files" date="2016-02-11T03:21:01.149" /><!-- duration: 16ms -->
  <step title="WebHooksManager.PublishEventAsync: PostDeployment" date="2016-02-11T03:21:01.180" /><!-- duration: 375ms -->
</step><!-- duration: 38610ms -->
