<step title="Incoming Request" date="2016-02-11T03:02:48.861" instance="2384bc" url="/codecampmobile.git/info/refs?service=git-receive-pack" method="GET" type="request" pid="7056,2,20" Connection="Keep-Alive" Pragma="no-cache" Accept="*/*" Accept-Encoding="gzip" Host="codecampmobile.scm.azurewebsites.net" User-Agent="git/2.7.0" X-SITE-DEPLOYMENT-ID="codeCampMobile" >
  <step title="Cleanup Xml Logs" date="2016-02-11T03:02:48.892" /><!-- duration: 16ms -->
  <step title="InfoRefsService.Execute" date="2016-02-11T03:02:48.923" >
    <step title="Assuming git repository at D:\home\site\repository" date="2016-02-11T03:02:48.955" /><!-- duration: 53ms -->
    <step title="InfoRefsService.SmartInfoRefs" date="2016-02-11T03:02:49.008" >
      <step title="Assuming git repository at D:\home\site\repository" date="2016-02-11T03:02:49.023" /><!-- duration: 0ms -->
      <step title="GitExeServer.AdvertiseReceivePack" date="2016-02-11T03:02:49.023" >
        <step title="Executing external process" date="2016-02-11T03:02:49.039" type="process" path="git.exe" arguments="receive-pack --stateless-rpc --advertise-refs &quot;D:\home\site\repository&quot;" /><!-- duration: 156ms -->
      </step><!-- duration: 188ms -->
      <step title="Writing 185 bytes" date="2016-02-11T03:02:49.211" /><!-- duration: 0ms -->
    </step><!-- duration: 219ms -->
  </step><!-- duration: 303ms -->
  <step title="Outgoing response" date="2016-02-11T03:02:49.227" type="response" statusCode="200" statusText="OK" Server="Microsoft-IIS/8.0" x-ms-request-id="1942694d-8dd9-4c65-8dbc-4b8dc0a6a213" Pragma="no-cache" Cache-Control="must-revalidate, no-cache, max-age=0" Expires="Tue, 01 Jan 1980 00:00:00 GMT" Content-Length="185" X-AspNet-Version="4.0.30319" Content-Type="application/x-git-receive-pack-advertisement" /><!-- duration: 16ms -->
</step><!-- duration: 381ms -->
