<step title="Executing external process" date="2016-01-11T23:10:47.089" instance="922b3b" type="process" path="kudu.exe" arguments="D:\home\site C:\Program Files (x86)\SiteExtensions\Kudu\51.50108.2013\msbuild" >
  <step title="Cleanup Xml Logs" date="2016-01-11T23:10:47.148" /><!-- duration: 79ms -->
  <step title="DeploymentManager.Deploy(id)" date="2016-01-11T23:10:47.401" >
    <step title="Collecting changeset information" date="2016-01-11T23:10:47.443" /><!-- duration: 63ms -->
    <step title="Updating to specific changeset" date="2016-01-11T23:10:47.522" /><!-- duration: 4652ms -->
    <step title="Updating submodules" date="2016-01-11T23:10:52.174" /><!-- duration: 57ms -->
    <step title="Determining deployment builder" date="2016-01-11T23:10:52.336" >
      <step title="Builder is NodeSiteBuilder" date="2016-01-11T23:10:55.054" /><!-- duration: 0ms -->
    </step><!-- duration: 2733ms -->
    <step title="Copying SSH keys" date="2016-01-11T23:10:55.103" /><!-- duration: 0ms -->
    <step title="Building" date="2016-01-11T23:10:55.120" >
      <step title="Generating deployment script" date="2016-01-11T23:10:55.183" >
        <step title="Using cached version of the deployment script for command: -y --no-dot-deployment -r &quot;D:\home\site\repository&quot; -o &quot;D:\home\site\deployments\tools&quot; --node --sitePath &quot;D:\home\site\repository&quot;" date="2016-01-11T23:10:55.245" /><!-- duration: 0ms -->
      </step><!-- duration: 94ms -->
      <step title="Executing external process" date="2016-01-11T23:10:55.371" type="process" path="starter.cmd" arguments="&quot;D:\home\site\deployments\tools\deploy.cmd&quot;" /><!-- duration: 28073ms -->
      <step title="Purge deployment items" date="2016-01-11T23:11:23.903" >
        <step title="Remove 20b01b229, Success, received at 1/11/2016 8:17:21 PM" date="2016-01-11T23:11:24.061" /><!-- duration: 0ms -->
      </step><!-- duration: 158ms -->
    </step><!-- duration: 28973ms -->
  </step><!-- duration: 36692ms -->
  <step title="Cleaning up temp files" date="2016-01-11T23:11:24.093" /><!-- duration: 16ms -->
  <step title="WebHooksManager.PublishEventAsync: PostDeployment" date="2016-01-11T23:11:24.124" /><!-- duration: 380ms -->
</step><!-- duration: 37554ms -->
