<step title="Incoming Request" date="2016-01-20T04:09:05.436" instance="a6bc3f" url="/codecampmobile.git/git-receive-pack" method="POST" type="request" pid="4340,2,27" Connection="Keep-Alive" Content-Length="190352" Content-Type="application/x-git-receive-pack-request" Accept="application/x-git-receive-pack-result" Accept-Encoding="gzip" Host="codecampmobile.scm.azurewebsites.net" User-Agent="git/2.7.0" X-SITE-DEPLOYMENT-ID="codeCampMobile" >
  <step title="RpcService.ReceivePack" date="2016-01-20T04:09:05.609" >
    <step title="Assuming git repository at D:\home\site\repository" date="2016-01-20T04:09:05.624" /><!-- duration: 0ms -->
    <step title="Assuming git repository at D:\home\site\repository" date="2016-01-20T04:09:05.640" /><!-- duration: 0ms -->
    <step title="Creating temporary deployment" date="2016-01-20T04:09:06.244" /><!-- duration: 36ms -->
    <step title="GitExeServer.Receive" date="2016-01-20T04:09:06.280" >
      <step title="Executing external process" date="2016-01-20T04:09:06.280" type="process" path="git.exe" arguments="receive-pack --stateless-rpc &quot;D:\home\site\repository&quot;" /><!-- duration: 36934ms -->
    </step><!-- duration: 36934ms -->
  </step><!-- duration: 37652ms -->
  <step title="Outgoing response" date="2016-01-20T04:09:43.276" type="response" statusCode="200" statusText="OK" Server="Microsoft-IIS/8.0" Expires="Fri, 01 Jan 1980 00:00:00 GMT" Pragma="no-cache" Cache-Control="no-cache, max-age=0, must-revalidate" X-AspNet-Version="4.0.30319" Content-Type="application/x-git-receive-pack-result" /><!-- duration: 0ms -->
</step><!-- duration: 37840ms -->
