<step title="Incoming Request" date="2016-01-20T03:38:38.705" instance="a6bc3f" url="/codecampmobile.git/git-receive-pack" method="POST" type="request" pid="4340,2,22" Connection="Keep-Alive" Content-Length="590" Content-Type="application/x-git-receive-pack-request" Accept="application/x-git-receive-pack-result" Accept-Encoding="gzip" Host="codecampmobile.scm.azurewebsites.net" User-Agent="git/2.7.0" X-SITE-DEPLOYMENT-ID="codeCampMobile" >
  <step title="RpcService.ReceivePack" date="2016-01-20T03:38:38.711" >
    <step title="Assuming git repository at D:\home\site\repository" date="2016-01-20T03:38:38.730" /><!-- duration: 0ms -->
    <step title="Assuming git repository at D:\home\site\repository" date="2016-01-20T03:38:38.744" /><!-- duration: 1ms -->
    <step title="Creating temporary deployment" date="2016-01-20T03:38:39.481" /><!-- duration: 1185ms -->
    <step title="GitExeServer.Receive" date="2016-01-20T03:38:40.666" >
      <step title="Executing external process" date="2016-01-20T03:38:41.673" type="process" path="git.exe" arguments="receive-pack --stateless-rpc &quot;D:\home\site\repository&quot;" /><!-- duration: 32558ms -->
    </step><!-- duration: 33564ms -->
  </step><!-- duration: 35580ms -->
  <step title="Outgoing response" date="2016-01-20T03:39:14.290" type="response" statusCode="200" statusText="OK" Server="Microsoft-IIS/8.0" Expires="Fri, 01 Jan 1980 00:00:00 GMT" Pragma="no-cache" Cache-Control="no-cache, max-age=0, must-revalidate" X-AspNet-Version="4.0.30319" Content-Type="application/x-git-receive-pack-result" /><!-- duration: 0ms -->
</step><!-- duration: 35585ms -->
