<step title="Incoming Request" date="2016-02-12T04:49:06.471" instance="2384bc" url="/codecampmobile.git/info/refs?service=git-receive-pack" method="GET" type="request" pid="1980,2,6" Connection="Keep-Alive" Pragma="no-cache" Accept="*/*" Accept-Encoding="gzip" Host="codecampmobile.scm.azurewebsites.net" User-Agent="git/2.7.0" X-SITE-DEPLOYMENT-ID="codeCampMobile" >
  <step title="InfoRefsService.Execute" date="2016-02-12T04:49:06.896" >
    <step title="Assuming git repository at D:\home\site\repository" date="2016-02-12T04:49:06.956" /><!-- duration: 16ms -->
    <step title="InfoRefsService.SmartInfoRefs" date="2016-02-12T04:49:06.971" >
      <step title="Assuming git repository at D:\home\site\repository" date="2016-02-12T04:49:06.987" /><!-- duration: 0ms -->
      <step title="GitExeServer.AdvertiseReceivePack" date="2016-02-12T04:49:07.002" >
        <step title="Executing external process" date="2016-02-12T04:49:07.143" type="process" path="git.exe" arguments="receive-pack --stateless-rpc --advertise-refs &quot;D:\home\site\repository&quot;" /><!-- duration: 234ms -->
      </step><!-- duration: 394ms -->
      <step title="Writing 185 bytes" date="2016-02-12T04:49:07.397" /><!-- duration: 12ms -->
    </step><!-- duration: 438ms -->
  </step><!-- duration: 529ms -->
  <step title="Outgoing response" date="2016-02-12T04:49:07.474" type="response" statusCode="200" statusText="OK" Server="Microsoft-IIS/8.0" x-ms-request-id="c605c71d-f9c0-406c-adb1-ce066422dcfd" Pragma="no-cache" Cache-Control="must-revalidate, no-cache, max-age=0" Expires="Tue, 01 Jan 1980 00:00:00 GMT" Content-Length="185" X-AspNet-Version="4.0.30319" Content-Type="application/x-git-receive-pack-advertisement" /><!-- duration: 0ms -->
</step><!-- duration: 1016ms -->
