<step title="Incoming Request" date="2016-02-11T03:34:03.855" instance="2384bc" url="/codecampmobile.git/git-receive-pack" method="POST" type="request" pid="7056,2,16" Connection="Keep-Alive" Content-Length="443" Content-Type="application/x-git-receive-pack-request" Accept="application/x-git-receive-pack-result" Accept-Encoding="gzip" Host="codecampmobile.scm.azurewebsites.net" User-Agent="git/2.7.0" X-SITE-DEPLOYMENT-ID="codeCampMobile" >
  <step title="RpcService.ReceivePack" date="2016-02-11T03:34:03.870" >
    <step title="Assuming git repository at D:\home\site\repository" date="2016-02-11T03:34:03.886" /><!-- duration: 0ms -->
    <step title="Assuming git repository at D:\home\site\repository" date="2016-02-11T03:34:03.917" /><!-- duration: 0ms -->
    <step title="Creating temporary deployment" date="2016-02-11T03:34:05.182" /><!-- duration: 31ms -->
    <step title="GitExeServer.Receive" date="2016-02-11T03:34:05.213" >
      <step title="Executing external process" date="2016-02-11T03:34:06.251" type="process" path="git.exe" arguments="receive-pack --stateless-rpc &quot;D:\home\site\repository&quot;" /><!-- duration: 39211ms -->
    </step><!-- duration: 40265ms -->
  </step><!-- duration: 41739ms -->
  <step title="Outgoing response" date="2016-02-11T03:34:45.752" type="response" statusCode="200" statusText="OK" Server="Microsoft-IIS/8.0" Expires="Fri, 01 Jan 1980 00:00:00 GMT" Pragma="no-cache" Cache-Control="no-cache, max-age=0, must-revalidate" X-AspNet-Version="4.0.30319" Content-Type="application/x-git-receive-pack-result" /><!-- duration: 0ms -->
</step><!-- duration: 41897ms -->
