<step title="Executing external process" date="2016-01-20T04:37:01.890" instance="a6bc3f" type="process" path="kudu.exe" arguments="D:\home\site C:\Program Files (x86)\SiteExtensions\Kudu\51.50108.2013\msbuild" >
  <step title="Cleanup Xml Logs" date="2016-01-20T04:37:01.909" >
    <step title="Cleanup Infos" date="2016-01-20T04:37:01.909" totalFiles="200" totalCleanup="40" /><!-- duration: 606ms -->
  </step><!-- duration: 606ms -->
  <step title="DeploymentManager.Deploy(id)" date="2016-01-20T04:37:02.658" >
    <step title="Collecting changeset information" date="2016-01-20T04:37:02.671" /><!-- duration: 63ms -->
    <step title="Updating to specific changeset" date="2016-01-20T04:37:02.734" /><!-- duration: 2629ms -->
    <step title="Updating submodules" date="2016-01-20T04:37:05.362" /><!-- duration: 47ms -->
    <step title="Determining deployment builder" date="2016-01-20T04:37:05.472" >
      <step title="Builder is NodeSiteBuilder" date="2016-01-20T04:37:07.341" /><!-- duration: 0ms -->
    </step><!-- duration: 1869ms -->
    <step title="Copying SSH keys" date="2016-01-20T04:37:07.372" /><!-- duration: 0ms -->
    <step title="Building" date="2016-01-20T04:37:07.372" >
      <step title="Generating deployment script" date="2016-01-20T04:37:07.422" >
        <step title="Using cached version of the deployment script for command: -y --no-dot-deployment -r &quot;D:\home\site\repository&quot; -o &quot;D:\home\site\deployments\tools&quot; --node --sitePath &quot;D:\home\site\repository&quot;" date="2016-01-20T04:37:07.467" /><!-- duration: 0ms -->
      </step><!-- duration: 60ms -->
      <step title="Executing external process" date="2016-01-20T04:37:07.545" type="process" path="starter.cmd" arguments="&quot;D:\home\site\deployments\tools\deploy.cmd&quot;" /><!-- duration: 19619ms -->
      <step title="Purge deployment items" date="2016-01-20T04:37:27.558" >
        <step title="Remove 8950cfe58, Success, received at 1/11/2016 11:10:47 PM" date="2016-01-20T04:37:27.655" /><!-- duration: 0ms -->
      </step><!-- duration: 97ms -->
    </step><!-- duration: 20298ms -->
  </step><!-- duration: 25012ms -->
  <step title="Cleaning up temp files" date="2016-01-20T04:37:27.670" /><!-- duration: 0ms -->
  <step title="WebHooksManager.PublishEventAsync: PostDeployment" date="2016-01-20T04:37:27.686" /><!-- duration: 328ms -->
</step><!-- duration: 26268ms -->
