<step title="Incoming Request" date="2016-02-11T03:04:23.641" instance="2384bc" url="/codecampmobile.git/info/refs?service=git-receive-pack" method="GET" type="request" pid="7056,2,20" Connection="Keep-Alive" Pragma="no-cache" Accept="*/*" Accept-Encoding="gzip" Host="codecampmobile.scm.azurewebsites.net" User-Agent="git/2.7.0" X-SITE-DEPLOYMENT-ID="codeCampMobile" >
  <step title="Cleanup Xml Logs" date="2016-02-11T03:04:23.641" /><!-- duration: 47ms -->
  <step title="InfoRefsService.Execute" date="2016-02-11T03:04:23.735" >
    <step title="Assuming git repository at D:\home\site\repository" date="2016-02-11T03:04:23.766" /><!-- duration: 0ms -->
    <step title="InfoRefsService.SmartInfoRefs" date="2016-02-11T03:04:23.766" >
      <step title="Assuming git repository at D:\home\site\repository" date="2016-02-11T03:04:23.782" /><!-- duration: 0ms -->
      <step title="GitExeServer.AdvertiseReceivePack" date="2016-02-11T03:04:23.802" >
        <step title="Executing external process" date="2016-02-11T03:04:23.802" type="process" path="git.exe" arguments="receive-pack --stateless-rpc --advertise-refs &quot;D:\home\site\repository&quot;" /><!-- duration: 173ms -->
      </step><!-- duration: 173ms -->
      <step title="Writing 185 bytes" date="2016-02-11T03:04:23.990" /><!-- duration: 0ms -->
    </step><!-- duration: 224ms -->
  </step><!-- duration: 266ms -->
  <step title="Outgoing response" date="2016-02-11T03:04:24.001" type="response" statusCode="200" statusText="OK" Server="Microsoft-IIS/8.0" x-ms-request-id="7d544aae-5528-4f45-9014-5e274f327e24" Pragma="no-cache" Cache-Control="must-revalidate, no-cache, max-age=0" Expires="Tue, 01 Jan 1980 00:00:00 GMT" Content-Length="185" X-AspNet-Version="4.0.30319" Content-Type="application/x-git-receive-pack-advertisement" /><!-- duration: 0ms -->
</step><!-- duration: 359ms -->
