<step title="Incoming Request" date="2016-01-20T04:49:47.793" instance="a6bc3f" url="/codecampmobile.git/info/refs?service=git-receive-pack" method="GET" type="request" pid="4340,2,13" Connection="Keep-Alive" Pragma="no-cache" Accept="*/*" Accept-Encoding="gzip" Host="codecampmobile.scm.azurewebsites.net" User-Agent="git/2.7.0" X-SITE-DEPLOYMENT-ID="codeCampMobile" >
  <step title="Cleanup Xml Logs" date="2016-01-20T04:49:47.806" /><!-- duration: 2ms -->
  <step title="InfoRefsService.Execute" date="2016-01-20T04:49:47.824" >
    <step title="Assuming git repository at D:\home\site\repository" date="2016-01-20T04:49:47.856" /><!-- duration: 0ms -->
    <step title="InfoRefsService.SmartInfoRefs" date="2016-01-20T04:49:47.871" >
      <step title="Assuming git repository at D:\home\site\repository" date="2016-01-20T04:49:47.871" /><!-- duration: 0ms -->
      <step title="GitExeServer.AdvertiseReceivePack" date="2016-01-20T04:49:47.887" >
        <step title="Executing external process" date="2016-01-20T04:49:47.887" type="process" path="git.exe" arguments="receive-pack --stateless-rpc --advertise-refs &quot;D:\home\site\repository&quot;" /><!-- duration: 144ms -->
      </step><!-- duration: 144ms -->
      <step title="Writing 185 bytes" date="2016-01-20T04:49:48.043" /><!-- duration: 0ms -->
    </step><!-- duration: 172ms -->
  </step><!-- duration: 219ms -->
  <step title="Outgoing response" date="2016-01-20T04:49:48.058" type="response" statusCode="200" statusText="OK" Server="Microsoft-IIS/8.0" x-ms-request-id="ac3ea2d6-9e4a-4eee-a543-715bb986b2fd" Pragma="no-cache" Cache-Control="must-revalidate, no-cache, max-age=0" Expires="Tue, 01 Jan 1980 00:00:00 GMT" Content-Length="185" X-AspNet-Version="4.0.30319" Content-Type="application/x-git-receive-pack-advertisement" /><!-- duration: 0ms -->
</step><!-- duration: 266ms -->
