<step title="Incoming Request" date="2016-01-20T03:29:50.722" instance="a6bc3f" url="/codecampmobile.git/info/refs?service=git-receive-pack" method="GET" type="request" pid="4340,2,6" Connection="Keep-Alive" Pragma="no-cache" Accept="*/*" Accept-Encoding="gzip" Host="codecampmobile.scm.azurewebsites.net" User-Agent="git/2.7.0" X-SITE-DEPLOYMENT-ID="codeCampMobile" >
  <step title="InfoRefsService.Execute" date="2016-01-20T03:29:52.846" >
    <step title="Assuming git repository at D:\home\site\repository" date="2016-01-20T03:29:53.231" /><!-- duration: 0ms -->
    <step title="InfoRefsService.SmartInfoRefs" date="2016-01-20T03:29:53.244" >
      <step title="Assuming git repository at D:\home\site\repository" date="2016-01-20T03:29:53.260" /><!-- duration: 0ms -->
      <step title="GitExeServer.AdvertiseReceivePack" date="2016-01-20T03:29:53.260" >
        <step title="Executing external process" date="2016-01-20T03:29:54.298" type="process" path="git.exe" arguments="receive-pack --stateless-rpc --advertise-refs &quot;D:\home\site\repository&quot;" /><!-- duration: 2013ms -->
      </step><!-- duration: 3063ms -->
      <step title="Writing 185 bytes" date="2016-01-20T03:29:56.323" /><!-- duration: 0ms -->
    </step><!-- duration: 3078ms -->
  </step><!-- duration: 3492ms -->
  <step title="Outgoing response" date="2016-01-20T03:29:56.434" type="response" statusCode="200" statusText="OK" Server="Microsoft-IIS/8.0" x-ms-request-id="1d2397aa-d7e7-44e6-91aa-bf066c578cfc" Pragma="no-cache" Cache-Control="must-revalidate, no-cache, max-age=0" Expires="Tue, 01 Jan 1980 00:00:00 GMT" Content-Length="185" X-AspNet-Version="4.0.30319" Content-Type="application/x-git-receive-pack-advertisement" /><!-- duration: 16ms -->
</step><!-- duration: 5727ms -->
