<step title="Executing external process" date="2016-02-11T18:50:09.098" instance="2384bc" type="process" path="kudu.exe" arguments="D:\home\site C:\Program Files (x86)\SiteExtensions\Kudu\51.50119.2041\msbuild" >
  <step title="Cleanup Xml Logs" date="2016-02-11T18:50:09.113" /><!-- duration: 16ms -->
  <step title="DeploymentManager.Deploy(id)" date="2016-02-11T18:50:09.303" >
    <step title="Collecting changeset information" date="2016-02-11T18:50:09.316" /><!-- duration: 95ms -->
    <step title="Updating to specific changeset" date="2016-02-11T18:50:09.425" /><!-- duration: 3966ms -->
    <step title="Updating submodules" date="2016-02-11T18:50:13.407" /><!-- duration: 85ms -->
    <step title="Determining deployment builder" date="2016-02-11T18:50:13.643" >
      <step title="Builder is NodeSiteBuilder" date="2016-02-11T18:50:17.511" /><!-- duration: 18ms -->
    </step><!-- duration: 3886ms -->
    <step title="Copying SSH keys" date="2016-02-11T18:50:17.576" /><!-- duration: 16ms -->
    <step title="Building" date="2016-02-11T18:50:17.591" >
      <step title="Generating deployment script" date="2016-02-11T18:50:17.658" >
        <step title="Using cached version of the deployment script for command: -y --no-dot-deployment -r &quot;D:\home\site\repository&quot; -o &quot;D:\home\site\deployments\tools&quot; --node --sitePath &quot;D:\home\site\repository&quot;" date="2016-02-11T18:50:17.721" /><!-- duration: 0ms -->
      </step><!-- duration: 94ms -->
      <step title="Executing external process" date="2016-02-11T18:50:17.849" type="process" path="starter.cmd" arguments="&quot;D:\home\site\deployments\tools\deploy.cmd&quot;" /><!-- duration: 30998ms -->
      <step title="Purge deployment items" date="2016-02-11T18:50:49.461" >
        <step title="Remove 6a7fb435b, Success, received at 2/11/2016 3:00:30 AM" date="2016-02-11T18:50:49.509" /><!-- duration: 0ms -->
      </step><!-- duration: 64ms -->
    </step><!-- duration: 31949ms -->
  </step><!-- duration: 40238ms -->
  <step title="Cleaning up temp files" date="2016-02-11T18:50:49.540" /><!-- duration: 16ms -->
  <step title="WebHooksManager.PublishEventAsync: PostDeployment" date="2016-02-11T18:50:49.571" /><!-- duration: 438ms -->
</step><!-- duration: 41104ms -->
