<step title="Incoming Request" date="2016-02-19T05:27:13.035" instance="964627" url="/codecampmobile.git/git-receive-pack" method="POST" type="request" pid="6208,2,9" Connection="Keep-Alive" Content-Length="544" Content-Type="application/x-git-receive-pack-request" Accept="application/x-git-receive-pack-result" Accept-Encoding="gzip" Host="codecampmobile.scm.azurewebsites.net" User-Agent="git/2.7.1" X-SITE-DEPLOYMENT-ID="codeCampMobile" >
  <step title="RpcService.ReceivePack" date="2016-02-19T05:27:13.070" >
    <step title="Assuming git repository at D:\home\site\repository" date="2016-02-19T05:27:13.082" /><!-- duration: 0ms -->
    <step title="Assuming git repository at D:\home\site\repository" date="2016-02-19T05:27:13.118" /><!-- duration: 11ms -->
    <step title="Creating temporary deployment" date="2016-02-19T05:27:22.393" /><!-- duration: 141ms -->
    <step title="GitExeServer.Receive" date="2016-02-19T05:27:22.536" >
      <step title="Executing external process" date="2016-02-19T05:27:22.536" type="process" path="git.exe" arguments="receive-pack --stateless-rpc &quot;D:\home\site\repository&quot;" /><!-- duration: 79576ms -->
    </step><!-- duration: 79595ms -->
  </step><!-- duration: 89185ms -->
  <step title="Outgoing response" date="2016-02-19T05:28:42.254" type="response" statusCode="200" statusText="OK" Server="Microsoft-IIS/8.0" Expires="Fri, 01 Jan 1980 00:00:00 GMT" Pragma="no-cache" Cache-Control="no-cache, max-age=0, must-revalidate" X-AspNet-Version="4.0.30319" Content-Type="application/x-git-receive-pack-result" /><!-- duration: 0ms -->
</step><!-- duration: 89235ms -->
