<step title="Executing external process" date="2016-02-12T04:49:10.358" instance="2384bc" type="process" path="kudu.exe" arguments="D:\home\site C:\Program Files (x86)\SiteExtensions\Kudu\51.50212.2079\msbuild" >
  <step title="Cleanup Xml Logs" date="2016-02-12T04:49:10.373" /><!-- duration: 27ms -->
  <step title="DeploymentManager.Deploy(id)" date="2016-02-12T04:49:10.530" >
    <step title="Collecting changeset information" date="2016-02-12T04:49:10.556" /><!-- duration: 78ms -->
    <step title="Updating to specific changeset" date="2016-02-12T04:49:10.650" /><!-- duration: 3577ms -->
    <step title="Updating submodules" date="2016-02-12T04:49:14.243" /><!-- duration: 63ms -->
    <step title="Determining deployment builder" date="2016-02-12T04:49:14.430" >
      <step title="Builder is NodeSiteBuilder" date="2016-02-12T04:49:18.664" /><!-- duration: 16ms -->
    </step><!-- duration: 4253ms -->
    <step title="Copying SSH keys" date="2016-02-12T04:49:18.715" /><!-- duration: 16ms -->
    <step title="Building" date="2016-02-12T04:49:18.730" >
      <step title="Generating deployment script" date="2016-02-12T04:49:18.784" >
        <step title="Using cached version of the deployment script for command: -y --no-dot-deployment -r &quot;D:\home\site\repository&quot; -o &quot;D:\home\site\deployments\tools&quot; --node --sitePath &quot;D:\home\site\repository&quot;" date="2016-02-12T04:49:18.831" /><!-- duration: 16ms -->
      </step><!-- duration: 95ms -->
      <step title="Executing external process" date="2016-02-12T04:49:19.024" type="process" path="starter.cmd" arguments="&quot;D:\home\site\deployments\tools\deploy.cmd&quot;" /><!-- duration: 28410ms -->
      <step title="Purge deployment items" date="2016-02-12T04:49:47.900" >
        <step title="Remove f550524c4, Success, received at 2/11/2016 3:04:27 AM" date="2016-02-12T04:49:47.962" /><!-- duration: 16ms -->
      </step><!-- duration: 78ms -->
    </step><!-- duration: 29279ms -->
  </step><!-- duration: 37480ms -->
  <step title="Cleaning up temp files" date="2016-02-12T04:49:48.025" /><!-- duration: 0ms -->
  <step title="WebHooksManager.PublishEventAsync: PostDeployment" date="2016-02-12T04:49:48.041" /><!-- duration: 406ms -->
</step><!-- duration: 38249ms -->
