<step title="Incoming Request" date="2016-02-17T03:44:01.878" instance="2384bc" url="/codeCampMobile.git/info/refs?service=git-upload-pack" method="GET" type="request" pid="2168,2,10" Connection="Keep-Alive" Pragma="no-cache" Accept="*/*" Accept-Encoding="gzip" Host="codecampmobile.scm.azurewebsites.net" User-Agent="git/1.9.5.msysgit.0" X-SITE-DEPLOYMENT-ID="codeCampMobile" >
  <step title="Cleanup Xml Logs" date="2016-02-17T03:44:02.202" /><!-- duration: 31ms -->
  <step title="InfoRefsService.Execute" date="2016-02-17T03:44:02.251" >
    <step title="Assuming git repository at D:\home\site\repository" date="2016-02-17T03:44:02.280" /><!-- duration: 0ms -->
    <step title="InfoRefsService.SmartInfoRefs" date="2016-02-17T03:44:02.296" >
      <step title="Assuming git repository at D:\home\site\repository" date="2016-02-17T03:44:02.311" /><!-- duration: 16ms -->
      <step title="Assuming git repository at D:\home\site\repository" date="2016-02-17T03:44:03.772" /><!-- duration: 17ms -->
      <step title="Assuming git repository at D:\home\site\repository" date="2016-02-17T03:44:03.807" /><!-- duration: 16ms -->
      <step title="GitExeServer.AdvertiseUploadPack" date="2016-02-17T03:44:03.823" >
        <step title="Executing external process" date="2016-02-17T03:44:03.823" type="process" path="git.exe" arguments="upload-pack --stateless-rpc --advertise-refs &quot;D:\home\site\repository&quot;" /><!-- duration: 219ms -->
      </step><!-- duration: 219ms -->
      <step title="Writing 290 bytes" date="2016-02-17T03:44:04.057" /><!-- duration: 16ms -->
    </step><!-- duration: 1777ms -->
  </step><!-- duration: 1821ms -->
  <step title="Outgoing response" date="2016-02-17T03:44:04.149" type="response" statusCode="200" statusText="OK" Server="Microsoft-IIS/8.0" x-ms-request-id="c5585668-50d4-47dd-a975-40fe44b23d72" Pragma="no-cache" Cache-Control="must-revalidate, no-cache, max-age=0" Expires="Tue, 01 Jan 1980 00:00:00 GMT" Content-Length="290" X-AspNet-Version="4.0.30319" Content-Type="application/x-git-upload-pack-advertisement" /><!-- duration: 0ms -->
</step><!-- duration: 2286ms -->
