<step title="Incoming Request" date="2016-01-20T04:29:23.773" instance="a6bc3f" url="/codecampmobile.git/git-receive-pack" method="POST" type="request" pid="4340,2,12" Connection="Keep-Alive" Content-Length="216167" Content-Type="application/x-git-receive-pack-request" Accept="application/x-git-receive-pack-result" Accept-Encoding="gzip" Host="codecampmobile.scm.azurewebsites.net" User-Agent="git/2.7.0" X-SITE-DEPLOYMENT-ID="codeCampMobile" >
  <step title="RpcService.ReceivePack" date="2016-01-20T04:29:24.059" >
    <step title="Assuming git repository at D:\home\site\repository" date="2016-01-20T04:29:24.059" /><!-- duration: 0ms -->
    <step title="Assuming git repository at D:\home\site\repository" date="2016-01-20T04:29:24.078" /><!-- duration: 12ms -->
    <step title="Creating temporary deployment" date="2016-01-20T04:29:24.886" /><!-- duration: 47ms -->
    <step title="GitExeServer.Receive" date="2016-01-20T04:29:24.948" >
      <step title="Executing external process" date="2016-01-20T04:29:24.948" type="process" path="git.exe" arguments="receive-pack --stateless-rpc &quot;D:\home\site\repository&quot;" /><!-- duration: 33667ms -->
    </step><!-- duration: 33682ms -->
  </step><!-- duration: 34635ms -->
  <step title="Outgoing response" date="2016-01-20T04:29:58.693" type="response" statusCode="200" statusText="OK" Server="Microsoft-IIS/8.0" Expires="Fri, 01 Jan 1980 00:00:00 GMT" Pragma="no-cache" Cache-Control="no-cache, max-age=0, must-revalidate" X-AspNet-Version="4.0.30319" Content-Type="application/x-git-receive-pack-result" /><!-- duration: 0ms -->
</step><!-- duration: 34929ms -->
