<step title="Incoming Request" date="2016-01-11T22:35:14.304" instance="922b3b" url="/codecampmobile.git/info/refs?service=git-receive-pack" method="GET" type="request" pid="7260,2,18" Connection="Keep-Alive" Pragma="no-cache" Accept="*/*" Accept-Encoding="gzip" Host="codecampmobile.scm.azurewebsites.net" User-Agent="git/1.8.4" X-SITE-DEPLOYMENT-ID="codeCampMobile" >
  <step title="Cleanup Xml Logs" date="2016-01-11T22:35:14.320" /><!-- duration: 16ms -->
  <step title="InfoRefsService.Execute" date="2016-01-11T22:35:14.351" >
    <step title="Assuming git repository at D:\home\site\repository" date="2016-01-11T22:35:14.382" /><!-- duration: 0ms -->
    <step title="InfoRefsService.SmartInfoRefs" date="2016-01-11T22:35:14.398" >
      <step title="Assuming git repository at D:\home\site\repository" date="2016-01-11T22:35:14.431" /><!-- duration: 0ms -->
      <step title="GitExeServer.AdvertiseReceivePack" date="2016-01-11T22:35:14.445" >
        <step title="Executing external process" date="2016-01-11T22:35:14.445" type="process" path="git.exe" arguments="receive-pack --stateless-rpc --advertise-refs &quot;D:\home\site\repository&quot;" /><!-- duration: 128ms -->
      </step><!-- duration: 141ms -->
      <step title="Writing 185 bytes" date="2016-01-11T22:35:14.585" /><!-- duration: 16ms -->
    </step><!-- duration: 203ms -->
  </step><!-- duration: 250ms -->
  <step title="Outgoing response" date="2016-01-11T22:35:14.617" type="response" statusCode="200" statusText="OK" Server="Microsoft-IIS/8.0" x-ms-request-id="11d968bb-5262-4c9a-bafd-b0738f09b5cb" Pragma="no-cache" Cache-Control="must-revalidate, no-cache, max-age=0" Expires="Tue, 01 Jan 1980 00:00:00 GMT" Content-Length="185" X-AspNet-Version="4.0.30319" Content-Type="application/x-git-receive-pack-advertisement" /><!-- duration: 0ms -->
</step><!-- duration: 313ms -->
