<step title="Executing external process" date="2016-02-11T03:04:27.386" instance="2384bc" type="process" path="kudu.exe" arguments="D:\home\site C:\Program Files (x86)\SiteExtensions\Kudu\51.50119.2041\msbuild" >
  <step title="Cleanup Xml Logs" date="2016-02-11T03:04:27.416" /><!-- duration: 80ms -->
  <step title="DeploymentManager.Deploy(id)" date="2016-02-11T03:04:27.684" >
    <step title="Collecting changeset information" date="2016-02-11T03:04:27.824" /><!-- duration: 233ms -->
    <step title="Updating to specific changeset" date="2016-02-11T03:04:28.073" /><!-- duration: 3385ms -->
    <step title="Updating submodules" date="2016-02-11T03:04:31.458" /><!-- duration: 125ms -->
    <step title="Determining deployment builder" date="2016-02-11T03:04:31.755" >
      <step title="Builder is NodeSiteBuilder" date="2016-02-11T03:04:35.618" /><!-- duration: 0ms -->
    </step><!-- duration: 3879ms -->
    <step title="Copying SSH keys" date="2016-02-11T03:04:35.664" /><!-- duration: 16ms -->
    <step title="Building" date="2016-02-11T03:04:35.680" >
      <step title="Generating deployment script" date="2016-02-11T03:04:35.743" >
        <step title="Using cached version of the deployment script for command: -y --no-dot-deployment -r &quot;D:\home\site\repository&quot; -o &quot;D:\home\site\deployments\tools&quot; --node --sitePath &quot;D:\home\site\repository&quot;" date="2016-02-11T03:04:35.789" /><!-- duration: 0ms -->
      </step><!-- duration: 63ms -->
      <step title="Executing external process" date="2016-02-11T03:04:35.914" type="process" path="starter.cmd" arguments="&quot;D:\home\site\deployments\tools\deploy.cmd&quot;" /><!-- duration: 33080ms -->
      <step title="Purge deployment items" date="2016-02-11T03:05:10.510" >
        <step title="Remove 46fc121d2, Success, received at 1/20/2016 4:09:10 AM" date="2016-02-11T03:05:10.707" /><!-- duration: 8ms -->
      </step><!-- duration: 225ms -->
    </step><!-- duration: 35113ms -->
  </step><!-- duration: 43124ms -->
  <step title="Cleaning up temp files" date="2016-02-11T03:05:10.824" /><!-- duration: 16ms -->
  <step title="WebHooksManager.PublishEventAsync: PostDeployment" date="2016-02-11T03:05:10.887" /><!-- duration: 453ms -->
</step><!-- duration: 44126ms -->
