<step title="Incoming Request" date="2016-02-11T02:54:57.714" instance="2384bc" url="/codecampmobile.git/info/refs?service=git-receive-pack" method="GET" type="request" pid="7056,2,7" Connection="Keep-Alive" Pragma="no-cache" Accept="*/*" Accept-Encoding="gzip" Host="codecampmobile.scm.azurewebsites.net" User-Agent="git/2.7.0" X-SITE-DEPLOYMENT-ID="codeCampMobile" >
  <step title="Cleanup Xml Logs" date="2016-02-11T02:54:57.730" /><!-- duration: 16ms -->
  <step title="InfoRefsService.Execute" date="2016-02-11T02:54:57.765" >
    <step title="Assuming git repository at D:\home\site\repository" date="2016-02-11T02:54:57.808" /><!-- duration: 0ms -->
    <step title="InfoRefsService.SmartInfoRefs" date="2016-02-11T02:54:57.808" >
      <step title="Assuming git repository at D:\home\site\repository" date="2016-02-11T02:54:57.823" /><!-- duration: 16ms -->
      <step title="GitExeServer.AdvertiseReceivePack" date="2016-02-11T02:54:57.839" >
        <step title="Executing external process" date="2016-02-11T02:54:57.855" type="process" path="git.exe" arguments="receive-pack --stateless-rpc --advertise-refs &quot;D:\home\site\repository&quot;" /><!-- duration: 203ms -->
      </step><!-- duration: 1054ms -->
      <step title="Writing 185 bytes" date="2016-02-11T02:54:58.893" /><!-- duration: 0ms -->
    </step><!-- duration: 1101ms -->
  </step><!-- duration: 1144ms -->
  <step title="Outgoing response" date="2016-02-11T02:54:58.909" type="response" statusCode="200" statusText="OK" Server="Microsoft-IIS/8.0" x-ms-request-id="3f305737-be6f-45aa-a17b-ba84692327f2" Pragma="no-cache" Cache-Control="must-revalidate, no-cache, max-age=0" Expires="Tue, 01 Jan 1980 00:00:00 GMT" Content-Length="185" X-AspNet-Version="4.0.30319" Content-Type="application/x-git-receive-pack-advertisement" /><!-- duration: 16ms -->
</step><!-- duration: 1210ms -->
