<step title="Incoming Request" date="2016-02-11T03:18:00.978" instance="2384bc" url="/codecampmobile.git/info/refs?service=git-receive-pack" method="GET" type="request" pid="7056,2,5" Connection="Keep-Alive" Pragma="no-cache" Accept="*/*" Accept-Encoding="gzip" Host="codecampmobile.scm.azurewebsites.net" User-Agent="git/2.7.0" X-SITE-DEPLOYMENT-ID="codeCampMobile" >
  <step title="Cleanup Xml Logs" date="2016-02-11T03:18:00.993" /><!-- duration: 16ms -->
  <step title="InfoRefsService.Execute" date="2016-02-11T03:18:01.025" >
    <step title="Assuming git repository at D:\home\site\repository" date="2016-02-11T03:18:01.056" /><!-- duration: 0ms -->
    <step title="InfoRefsService.SmartInfoRefs" date="2016-02-11T03:18:01.056" >
      <step title="Assuming git repository at D:\home\site\repository" date="2016-02-11T03:18:01.072" /><!-- duration: 0ms -->
      <step title="GitExeServer.AdvertiseReceivePack" date="2016-02-11T03:18:01.118" >
        <step title="Executing external process" date="2016-02-11T03:18:02.000" type="process" path="git.exe" arguments="receive-pack --stateless-rpc --advertise-refs &quot;D:\home\site\repository&quot;" /><!-- duration: 156ms -->
      </step><!-- duration: 1038ms -->
      <step title="Writing 185 bytes" date="2016-02-11T03:18:02.172" /><!-- duration: 0ms -->
    </step><!-- duration: 1132ms -->
  </step><!-- duration: 1179ms -->
  <step title="Outgoing response" date="2016-02-11T03:18:02.203" type="response" statusCode="200" statusText="OK" Server="Microsoft-IIS/8.0" x-ms-request-id="65b50749-2408-4c56-a816-ef71da8af7b9" Pragma="no-cache" Cache-Control="must-revalidate, no-cache, max-age=0" Expires="Tue, 01 Jan 1980 00:00:00 GMT" Content-Length="185" X-AspNet-Version="4.0.30319" Content-Type="application/x-git-receive-pack-advertisement" /><!-- duration: 16ms -->
</step><!-- duration: 1241ms -->
