<step title="Incoming Request" date="2016-01-20T04:36:59.535" instance="a6bc3f" url="/codecampmobile.git/info/refs?service=git-receive-pack" method="GET" type="request" pid="4340,2,9" Connection="Keep-Alive" Pragma="no-cache" Accept="*/*" Accept-Encoding="gzip" Host="codecampmobile.scm.azurewebsites.net" User-Agent="git/2.7.0" X-SITE-DEPLOYMENT-ID="codeCampMobile" >
  <step title="Cleanup Xml Logs" date="2016-01-20T04:36:59.535" /><!-- duration: 18ms -->
  <step title="InfoRefsService.Execute" date="2016-01-20T04:36:59.566" >
    <step title="Assuming git repository at D:\home\site\repository" date="2016-01-20T04:36:59.597" /><!-- duration: 0ms -->
    <step title="InfoRefsService.SmartInfoRefs" date="2016-01-20T04:36:59.597" >
      <step title="Assuming git repository at D:\home\site\repository" date="2016-01-20T04:36:59.613" /><!-- duration: 0ms -->
      <step title="GitExeServer.AdvertiseReceivePack" date="2016-01-20T04:36:59.628" >
        <step title="Executing external process" date="2016-01-20T04:36:59.628" type="process" path="git.exe" arguments="receive-pack --stateless-rpc --advertise-refs &quot;D:\home\site\repository&quot;" /><!-- duration: 176ms -->
      </step><!-- duration: 189ms -->
      <step title="Writing 185 bytes" date="2016-01-20T04:36:59.817" /><!-- duration: 0ms -->
    </step><!-- duration: 234ms -->
  </step><!-- duration: 266ms -->
  <step title="Outgoing response" date="2016-01-20T04:36:59.831" type="response" statusCode="200" statusText="OK" Server="Microsoft-IIS/8.0" x-ms-request-id="6306c1c1-a243-465b-878d-b7e4d6f5533c" Pragma="no-cache" Cache-Control="must-revalidate, no-cache, max-age=0" Expires="Tue, 01 Jan 1980 00:00:00 GMT" Content-Length="185" X-AspNet-Version="4.0.30319" Content-Type="application/x-git-receive-pack-advertisement" /><!-- duration: 0ms -->
</step><!-- duration: 313ms -->
