<step title="Executing external process" date="2016-01-20T04:09:09.513" instance="a6bc3f" type="process" path="kudu.exe" arguments="D:\home\site C:\Program Files (x86)\SiteExtensions\Kudu\51.50108.2013\msbuild" >
  <step title="Cleanup Xml Logs" date="2016-01-20T04:09:09.845" /><!-- duration: 16ms -->
  <step title="DeploymentManager.Deploy(id)" date="2016-01-20T04:09:09.987" >
    <step title="Collecting changeset information" date="2016-01-20T04:09:10.001" /><!-- duration: 63ms -->
    <step title="Updating to specific changeset" date="2016-01-20T04:09:10.079" /><!-- duration: 6660ms -->
    <step title="Updating submodules" date="2016-01-20T04:09:16.739" /><!-- duration: 47ms -->
    <step title="Determining deployment builder" date="2016-01-20T04:09:16.865" >
      <step title="Builder is NodeSiteBuilder" date="2016-01-20T04:09:18.776" /><!-- duration: 0ms -->
    </step><!-- duration: 1911ms -->
    <step title="Copying SSH keys" date="2016-01-20T04:09:18.814" /><!-- duration: 13ms -->
    <step title="Building" date="2016-01-20T04:09:19.026" >
      <step title="Generating deployment script" date="2016-01-20T04:09:19.058" >
        <step title="Using cached version of the deployment script for command: -y --no-dot-deployment -r &quot;D:\home\site\repository&quot; -o &quot;D:\home\site\deployments\tools&quot; --node --sitePath &quot;D:\home\site\repository&quot;" date="2016-01-20T04:09:19.105" /><!-- duration: 0ms -->
      </step><!-- duration: 63ms -->
      <step title="Executing external process" date="2016-01-20T04:09:19.183" type="process" path="starter.cmd" arguments="&quot;D:\home\site\deployments\tools\deploy.cmd&quot;" /><!-- duration: 22890ms -->
      <step title="Purge deployment items" date="2016-01-20T04:09:42.510" >
        <step title="Remove 355d6c84f, Success, received at 1/11/2016 10:29:36 PM" date="2016-01-20T04:09:42.557" /><!-- duration: 0ms -->
      </step><!-- duration: 47ms -->
    </step><!-- duration: 23547ms -->
  </step><!-- duration: 32586ms -->
  <step title="Cleaning up temp files" date="2016-01-20T04:09:42.573" /><!-- duration: 16ms -->
  <step title="WebHooksManager.PublishEventAsync: PostDeployment" date="2016-01-20T04:09:42.588" /><!-- duration: 345ms -->
</step><!-- duration: 33561ms -->
