﻿<?xml version="1.0" encoding="utf-8"?>
<deployment>
  <id>f42acf1de45ed0e1859d494566f8d123ea7f1cda</id>
  <author>Damian Montero</author>
  <deployer>websocketdemo</deployer>
  <authorEmail>photoca@hotmail.com</authorEmail>
  <message>sposnors
</message>
  <progress></progress>
  <status>Success</status>
  <statusText></statusText>
  <lastSuccessEndTime>2016-02-16T21:20:34.3340909Z</lastSuccessEndTime>
  <receivedTime>2016-02-16T21:19:22.4407757Z</receivedTime>
  <startTime>2016-02-16T21:19:37.5887226Z</startTime>
  <endTime>2016-02-16T21:20:34.3340909Z</endTime>
  <complete>True</complete>
  <is_temp>False</is_temp>
  <is_readonly>False</is_readonly>
</deployment>